"","H","V","L","F","fla","Tree","name","absPAR","absNIR","absTherm","totPs","netPs","totRf","totLE1","totLE2","totH"
"1",15,0,0.44,0.01,27,105,"H15_V0_L0.44_F0.01_fla27",80.1278,21.7746,24.8536,10.1964,9.4884,0.708,1133.8824,8.0541,61.3394
"2",15,0,0.44,0.15,27,105,"H15_V0_L0.44_F0.15_fla27",88.277,23.3775,24.5288,10.5779,9.8699,0.708,1181.5815,8.3541,68.725
"3",15,0,0.44,0.25,27,105,"H15_V0_L0.44_F0.25_fla27",93.4895,24.4245,24.5544,10.8094,10.1014,0.708,1207.5123,8.5353,73.8339
"4",15,0,0.44,0.4,27,105,"H15_V0_L0.44_F0.4_fla27",98.156,25.3531,24.3228,10.9989,10.291,0.708,1227.0535,8.6835,78.3975
"5",15,0,0.44,0.5,27,105,"H15_V0_L0.44_F0.5_fla27",99.079,25.4508,22.5139,11.0282,10.3203,0.708,1225.7421,8.7053,78.2877
"6",15,0,0.44,0.65,27,105,"H15_V0_L0.44_F0.65_fla27",101.454,25.9137,22.1754,11.1126,10.4046,0.708,1238.4899,8.7717,80.3322
"7",15,0,0.44,0.75,27,105,"H15_V0_L0.44_F0.75_fla27",103.8259,26.4675,22.6933,11.1989,10.491,0.708,1253.7109,8.8402,82.9306
"8",15,0,0.44,0.85,27,105,"H15_V0_L0.44_F0.85_fla27",106.2825,27.0719,23.5158,11.2863,10.5784,0.708,1269.8033,8.9096,85.8332
"9",15,0,0.44,0.95,27,105,"H15_V0_L0.44_F0.95_fla27",108.7723,27.5785,23.2351,11.3705,10.6625,0.708,1282.9939,8.9753,88.0599
"10",15,0,0.44,1,27,105,"H15_V0_L0.44_F1_fla27",109.8985,27.8112,23.1708,11.4104,10.7024,0.708,1288.2593,9.0065,89.1433
"11",15,0,0.44,1.05,27,105,"H15_V0_L0.44_F1.05_fla27",110.8694,28.0182,22.9274,11.445,10.7371,0.708,1292.0092,9.0334,90.0001
"12",15,0,0.44,1.15,27,105,"H15_V0_L0.44_F1.15_fla27",112.0486,28.2612,22.9274,11.4869,10.7789,0.708,1296.3705,9.0663,91.2277
"13",15,0,0.44,1.25,27,105,"H15_V0_L0.44_F1.25_fla27",112.3554,28.3293,22.9205,11.4973,10.7894,0.708,1297.4706,9.0745,91.5508
"14",15,0,0.44,1.35,27,105,"H15_V0_L0.44_F1.35_fla27",112.3265,28.3454,22.8887,11.4966,10.7887,0.708,1297.8666,9.074,91.508
"15",15,0,0.44,1.5,27,105,"H15_V0_L0.44_F1.5_fla27",112.2654,28.3809,22.8164,11.4947,10.7867,0.708,1298.823,9.0724,91.411
"16",15,0,0.44,1.6,27,105,"H15_V0_L0.44_F1.6_fla27",112.2583,28.3854,22.8071,11.4944,10.7865,0.708,1299.2205,9.0722,91.3869
"17",15,0,0.44,1.75,27,105,"H15_V0_L0.44_F1.75_fla27",112.2457,28.3924,22.7932,11.4941,10.7862,0.708,1299.4742,9.072,91.3646
"18",15,0,0.44,1.85,27,105,"H15_V0_L0.44_F1.85_fla27",112.2608,28.384,22.8098,11.4945,10.7866,0.708,1299.8683,9.0723,91.3602
"19",15,0,0.44,1.99,27,105,"H15_V0_L0.44_F1.99_fla27",112.2308,28.4006,22.7767,11.4938,10.7859,0.708,1300.6426,9.0718,91.2993
"20",15,0,1.521,0.01,27,351,"H15_V0_L1.521_F0.01_fla27",62.9851,18.5313,28.0795,9.1809,8.4729,0.708,686.9774,24.9802,63.096
"21",15,0,1.521,0.15,27,351,"H15_V0_L1.521_F0.15_fla27",64.4321,18.8341,28.012,9.2763,8.5683,0.708,690.0527,25.2335,64.662
"22",15,0,1.521,0.25,27,351,"H15_V0_L1.521_F0.25_fla27",65.9267,19.1086,27.6578,9.3772,8.6692,0.708,693.6442,25.4991,66.0267
"23",15,0,1.521,0.4,27,351,"H15_V0_L1.521_F0.4_fla27",67.1597,19.3671,27.6784,9.46,8.752,0.708,699.024,25.716,67.2923
"24",15,0,1.521,0.5,27,351,"H15_V0_L1.521_F0.5_fla27",68.8347,19.7025,27.6098,9.5506,8.8427,0.708,711.5286,25.9689,68.6977
"25",15,0,1.521,0.65,27,351,"H15_V0_L1.521_F0.65_fla27",73.5284,20.6825,25.5022,9.8081,9.1001,0.708,733.4807,26.6742,72.0258
"26",15,0,1.521,0.75,27,351,"H15_V0_L1.521_F0.75_fla27",78.6913,21.6182,24.7435,10.0684,9.3604,0.708,756.7056,27.3937,76.5546
"27",15,0,1.521,0.85,27,351,"H15_V0_L1.521_F0.85_fla27",85.7677,23.1359,25.1652,10.3962,9.6883,0.708,790.5991,28.316,83.9264
"28",15,0,1.521,0.95,27,351,"H15_V0_L1.521_F0.95_fla27",95.0343,25.0194,24.949,10.7996,10.0917,0.708,823.3726,29.4508,93.462
"29",15,0,1.521,1,27,351,"H15_V0_L1.521_F1_fla27",99.2375,25.8839,24.8762,10.9766,10.2686,0.708,835.0638,29.9508,97.9613
"30",15,0,1.521,1.05,27,351,"H15_V0_L1.521_F1.05_fla27",103.4331,26.7038,24.4277,11.1505,10.4425,0.708,842.3614,30.4409,102.3465
"31",15,0,1.521,1.15,27,351,"H15_V0_L1.521_F1.15_fla27",109.3686,27.9872,24.1142,11.387,10.6791,0.708,849.4628,31.115,109.0679
"32",15,0,1.521,1.25,27,351,"H15_V0_L1.521_F1.25_fla27",111.9005,28.533,24.0775,11.4817,10.7738,0.708,852.967,31.3872,111.9747
"33",15,0,1.521,1.35,27,351,"H15_V0_L1.521_F1.35_fla27",112.1362,28.7169,23.7791,11.4912,10.7833,0.708,855.5872,31.4143,112.1343
"34",15,0,1.521,1.5,27,351,"H15_V0_L1.521_F1.5_fla27",112.0548,28.7774,23.6575,11.4889,10.7809,0.708,859.0908,31.4076,111.9073
"35",15,0,1.521,1.6,27,351,"H15_V0_L1.521_F1.6_fla27",112.048,28.7819,23.6492,11.4887,10.7808,0.708,860.1306,31.4071,111.8553
"36",15,0,1.521,1.75,27,351,"H15_V0_L1.521_F1.75_fla27",112.0338,28.7901,23.6321,11.4883,10.7803,0.708,860.5948,31.4058,111.8219
"37",15,0,1.521,1.85,27,351,"H15_V0_L1.521_F1.85_fla27",112.0077,28.8117,23.5882,11.4875,10.7796,0.708,860.6302,31.4037,111.7975
"38",15,0,1.521,1.99,27,351,"H15_V0_L1.521_F1.99_fla27",112.0022,28.818,23.5763,11.4875,10.7795,0.708,862.1942,31.4035,111.7235
"39",15,0,2.916,0.01,27,666,"H15_V0_L2.916_F0.01_fla27",45.8077,15.0979,30.3248,7.7948,7.0869,0.708,433.5539,40.4748,55.3374
"40",15,0,2.916,0.15,27,666,"H15_V0_L2.916_F0.15_fla27",46.2309,15.1825,30.2761,7.84,7.1321,0.708,436.1494,40.7185,55.6961
"41",15,0,2.916,0.25,27,666,"H15_V0_L2.916_F0.25_fla27",46.6972,15.2736,30.1551,7.8828,7.1748,0.708,438.0886,40.9396,56.0837
"42",15,0,2.916,0.4,27,666,"H15_V0_L2.916_F0.4_fla27",47.5547,15.4474,29.9711,7.9623,7.2543,0.708,439.6174,41.3492,56.92
"43",15,0,2.916,0.5,27,666,"H15_V0_L2.916_F0.5_fla27",47.8197,15.4996,29.897,7.9821,7.2742,0.708,443.2069,41.4443,57.026
"44",15,0,2.916,0.65,27,666,"H15_V0_L2.916_F0.65_fla27",51.4365,16.2173,29.1194,8.2463,7.5383,0.708,466.5977,42.8208,59.7866
"45",15,0,2.916,0.75,27,666,"H15_V0_L2.916_F0.75_fla27",56.7773,17.3662,27.073,8.6151,7.9072,0.708,497.7556,44.7333,63.5623
"46",15,0,2.916,0.85,27,666,"H15_V0_L2.916_F0.85_fla27",65.763,19.1489,26.7092,9.1936,8.4856,0.708,536.3968,47.8048,72.3403
"47",15,0,2.916,0.95,27,666,"H15_V0_L2.916_F0.95_fla27",79.1965,21.9048,26.0543,9.9494,9.2415,0.708,581.0618,51.8961,86.1005
"48",15,0,2.916,1,27,666,"H15_V0_L2.916_F1_fla27",86.3781,23.4131,25.6217,10.3197,9.6117,0.708,598.5149,53.9291,93.7383
"49",15,0,2.916,1.05,27,666,"H15_V0_L2.916_F1.05_fla27",94.0123,24.9623,24.614,10.6934,9.9854,0.708,609.8479,55.9901,101.7548
"50",15,0,2.916,1.15,27,666,"H15_V0_L2.916_F1.15_fla27",105.0814,27.332,23.9916,11.2061,10.4982,0.708,618.4115,58.873,114.4386
"51",15,0,2.916,1.25,27,666,"H15_V0_L2.916_F1.25_fla27",110.7429,28.5722,23.6459,11.4416,10.7337,0.708,622.9664,60.2292,120.9416
"52",15,0,2.916,1.35,27,666,"H15_V0_L2.916_F1.35_fla27",111.841,28.9508,23.3142,11.4832,10.7753,0.708,625.5717,60.4736,122.1436
"53",15,0,2.916,1.5,27,666,"H15_V0_L2.916_F1.5_fla27",111.7705,29.0108,23.1915,11.4811,10.7731,0.708,627.5143,60.4614,121.9953
"54",15,0,2.916,1.6,27,666,"H15_V0_L2.916_F1.6_fla27",111.7199,29.0573,23.0981,11.4796,10.7717,0.708,628.9533,60.453,121.8878
"55",15,0,2.916,1.75,27,666,"H15_V0_L2.916_F1.75_fla27",111.7024,29.0737,23.0657,11.4792,10.7713,0.708,629.8095,60.4504,121.8347
"56",15,0,2.916,1.85,27,666,"H15_V0_L2.916_F1.85_fla27",111.7108,29.0639,23.0851,11.4794,10.7715,0.708,630.0379,60.4517,121.8315
"57",15,0,2.916,1.99,27,666,"H15_V0_L2.916_F1.99_fla27",111.6871,29.0865,23.0389,11.4787,10.7707,0.708,629.6807,60.4475,121.8269
"58",15,0,4.556,0.01,27,1013,"H15_V0_L4.556_F0.01_fla27",27.0556,11.2788,31.5905,5.5962,4.8882,0.708,425.9183,34.0067,34.0465
"59",15,0,4.556,0.15,27,1013,"H15_V0_L4.556_F0.15_fla27",29.9723,11.9423,31.5113,5.9721,5.2641,0.708,451.6313,36.2022,36.4421
"60",15,0,4.556,0.25,27,1013,"H15_V0_L4.556_F0.25_fla27",32.4303,12.4424,31.5438,6.2909,5.5829,0.708,465.6151,38.0585,38.7877
"61",15,0,4.556,0.4,27,1013,"H15_V0_L4.556_F0.4_fla27",35.8284,13.2222,30.9416,6.7075,5.9995,0.708,483.4017,40.4595,41.7869
"62",15,0,4.556,0.5,27,1013,"H15_V0_L4.556_F0.5_fla27",38.113,13.8979,29.0689,6.9637,6.2558,0.708,498.926,41.9116,42.8799
"63",15,0,4.556,0.65,27,1013,"H15_V0_L4.556_F0.65_fla27",43.1191,14.9307,29.1555,7.4526,6.7446,0.708,536.2177,44.7932,47.3053
"64",15,0,4.556,0.75,27,1013,"H15_V0_L4.556_F0.75_fla27",49.186,16.2131,28.4916,7.9705,7.2626,0.708,576.8335,47.8876,52.4071
"65",15,0,4.556,0.85,27,1013,"H15_V0_L4.556_F0.85_fla27",58.5464,18.1863,27.2331,8.6535,7.9456,0.708,631.9005,52.0232,60.465
"66",15,0,4.556,0.95,27,1013,"H15_V0_L4.556_F0.95_fla27",72.7532,21.104,25.585,9.5337,8.8258,0.708,699.3719,57.4679,73.4864
"67",15,0,4.556,1,27,1013,"H15_V0_L4.556_F1_fla27",80.9088,22.8031,25.0299,9.9857,9.2778,0.708,729.4032,60.3294,81.6418
"68",15,0,4.556,1.05,27,1013,"H15_V0_L4.556_F1.05_fla27",89.2743,24.538,24.3736,10.4302,9.7223,0.708,752.0013,63.1716,90.3071
"69",15,0,4.556,1.15,27,1013,"H15_V0_L4.556_F1.15_fla27",102.6845,27.3758,23.1269,11.0953,10.3874,0.708,769.0653,67.4854,105.006
"70",15,0,4.556,1.25,27,1013,"H15_V0_L4.556_F1.25_fla27",109.8237,28.9131,22.7816,11.4101,10.7022,0.708,774.1803,69.5928,113.2538
"71",15,0,4.556,1.35,27,1013,"H15_V0_L4.556_F1.35_fla27",111.4492,29.3437,22.5317,11.4725,10.7645,0.708,778.8956,70.0233,114.9729
"72",15,0,4.556,1.5,27,1013,"H15_V0_L4.556_F1.5_fla27",111.3804,29.4348,22.3509,11.4705,10.7626,0.708,785.65,70.0102,114.6156
"73",15,0,4.556,1.6,27,1013,"H15_V0_L4.556_F1.6_fla27",111.3387,29.4992,22.2254,11.4694,10.7614,0.708,789.418,70.0027,114.4157
"74",15,0,4.556,1.75,27,1013,"H15_V0_L4.556_F1.75_fla27",111.2976,29.5629,22.1005,11.4682,10.7603,0.708,793.2407,69.995,114.2133
"75",15,0,4.556,1.85,27,1013,"H15_V0_L4.556_F1.85_fla27",111.2843,29.5863,22.0547,11.4679,10.7599,0.708,794.3578,69.9924,114.1534
"76",15,0,4.556,1.99,27,1013,"H15_V0_L4.556_F1.99_fla27",111.2839,29.5867,22.0533,11.4678,10.7599,0.708,795.0295,69.9922,114.1229
"77",15,0,5.402,0.01,27,1201,"H15_V0_L5.402_F0.01_fla27",24.9454,10.6982,32.8015,5.2933,4.5854,0.708,420.5227,32.0793,32.3675
"78",15,0,5.402,0.15,27,1201,"H15_V0_L5.402_F0.15_fla27",28.1849,11.59,31.6764,5.7393,5.0314,0.708,442.6758,34.6889,34.8337
"79",15,0,5.402,0.25,27,1201,"H15_V0_L5.402_F0.25_fla27",30.583,12.0449,31.7715,6.0465,5.3386,0.708,460.8566,36.5071,36.9114
"80",15,0,5.402,0.4,27,1201,"H15_V0_L5.402_F0.4_fla27",34.5273,12.9715,31.1004,6.5338,5.8258,0.708,488.4072,39.3636,40.1388
"81",15,0,5.402,0.5,27,1201,"H15_V0_L5.402_F0.5_fla27",36.9841,13.5532,30.5121,6.8267,6.1188,0.708,504.7465,41.0876,42.075
"82",15,0,5.402,0.65,27,1201,"H15_V0_L5.402_F0.65_fla27",42.6075,14.9266,28.9429,7.3995,6.6915,0.708,545.1541,44.4647,46.2957
"83",15,0,5.402,0.75,27,1201,"H15_V0_L5.402_F0.75_fla27",48.8442,16.2443,28.3266,7.935,7.227,0.708,588.902,47.6724,51.4966
"84",15,0,5.402,0.85,27,1201,"H15_V0_L5.402_F0.85_fla27",58.3562,18.2452,27.0496,8.6374,7.9294,0.708,644.4027,51.9256,59.6974
"85",15,0,5.402,0.95,27,1201,"H15_V0_L5.402_F0.95_fla27",72.669,21.1767,25.4895,9.5291,8.8212,0.708,712.8942,57.441,72.8465
"86",15,0,5.402,1,27,1201,"H15_V0_L5.402_F1_fla27",80.7515,22.8948,24.8155,9.9784,9.2705,0.708,743.5779,60.2827,80.8526
"87",15,0,5.402,1.05,27,1201,"H15_V0_L5.402_F1.05_fla27",89.075,24.6181,24.1698,10.421,9.7131,0.708,767.7908,63.1122,89.3967
"88",15,0,5.402,1.15,27,1201,"H15_V0_L5.402_F1.15_fla27",102.6002,27.4487,22.9773,11.0925,10.3846,0.708,787.1921,67.467,104.1219
"89",15,0,5.402,1.25,27,1201,"H15_V0_L5.402_F1.25_fla27",109.7261,29.0314,22.5455,11.4074,10.6994,0.708,793.3265,69.5741,112.3189
"90",15,0,5.402,1.35,27,1201,"H15_V0_L5.402_F1.35_fla27",111.3724,29.4467,22.3279,11.4703,10.7624,0.708,798.1367,70.0088,114.0524
"91",15,0,5.402,1.5,27,1201,"H15_V0_L5.402_F1.5_fla27",111.3325,29.5054,22.2111,11.4691,10.7612,0.708,802.5257,70.001,113.8247
"92",15,0,5.402,1.6,27,1201,"H15_V0_L5.402_F1.6_fla27",111.3222,29.5203,22.1807,11.4688,10.7609,0.708,803.1196,69.9988,113.7896
"93",15,0,5.402,1.75,27,1201,"H15_V0_L5.402_F1.75_fla27",111.321,29.5225,22.1762,11.4688,10.7608,0.708,802.9221,69.9986,113.7974
"94",15,0,5.402,1.85,27,1201,"H15_V0_L5.402_F1.85_fla27",111.3182,29.5263,22.1693,11.4687,10.7608,0.708,803.2344,69.9982,113.7814
"95",15,0,5.402,1.99,27,1201,"H15_V0_L5.402_F1.99_fla27",111.3163,29.5293,22.1636,11.4687,10.7607,0.708,803.47,69.9979,113.7695
"96",15,0.1,0.44,0.01,27,105,"H15_V0.1_L0.44_F0.01_fla27",80.3968666666667,21.7984666666667,25.087,10.2153666666667,9.50736666666667,0.708,1135.2865,8.06846666666667,61.7068333333333
"97",15,0.1,0.44,0.15,27,105,"H15_V0.1_L0.44_F0.15_fla27",87.9048666666667,23.2980666666667,24.6120333333333,10.5590666666667,9.85113333333333,0.708,1179.1491,8.33913333333333,68.4341333333333
"98",15,0.1,0.44,0.25,27,105,"H15_V0.1_L0.44_F0.25_fla27",93.7567,24.4649,24.4582666666667,10.8131666666667,10.1052666666667,0.708,1209.26803333333,8.53833333333333,73.9969333333333
"99",15,0.1,0.44,0.4,27,105,"H15_V0.1_L0.44_F0.4_fla27",98.9825,25.5252,24.3335333333333,11.0302333333333,10.3223,0.708,1231.53296666667,8.7081,79.2037
"100",15,0.1,0.44,0.5,27,105,"H15_V0.1_L0.44_F0.5_fla27",100.3199,25.7457666666667,23.3218,11.0793666666667,10.3714,0.708,1233.33413333333,8.74583333333333,80.014
"101",15,0.1,0.44,0.65,27,105,"H15_V0.1_L0.44_F0.65_fla27",101.642866666667,26.0051333333333,22.6499666666667,11.1216,10.4136333333333,0.708,1240.2232,8.7788,80.8550666666667
"102",15,0.1,0.44,0.75,27,105,"H15_V0.1_L0.44_F0.75_fla27",103.356233333333,26.3669666666667,22.6227333333333,11.1822,10.4742666666667,0.708,1250.93883333333,8.82673333333333,82.4376666666667
"103",15,0.1,0.44,0.85,27,105,"H15_V0.1_L0.44_F0.85_fla27",105.767166666667,26.9645666666667,23.5066,11.2678666666667,10.5599,0.708,1267.1589,8.895,85.3222
"104",15,0.1,0.44,0.95,27,105,"H15_V0.1_L0.44_F0.95_fla27",108.294066666667,27.4816333333333,23.2478333333333,11.3553,10.6473333333333,0.708,1280.04243333333,8.9636,87.6253333333333
"105",15,0.1,0.44,1,27,105,"H15_V0.1_L0.44_F1_fla27",109.209666666667,27.6766666666667,23.2023666666667,11.3875333333333,10.6795666666667,0.708,1284.70833333333,8.9888,88.5010333333333
"106",15,0.1,0.44,1.05,27,105,"H15_V0.1_L0.44_F1.05_fla27",110.1267,27.8835333333333,23.0633666666667,11.4197333333333,10.7118,0.708,1288.68176666667,9.01393333333333,89.3649
"107",15,0.1,0.44,1.15,27,105,"H15_V0.1_L0.44_F1.15_fla27",111.434166666667,28.1417666666667,22.9798333333333,11.4649666666667,10.7570666666667,0.708,1294.1787,9.04926666666667,90.6278
"108",15,0.1,0.44,1.25,27,105,"H15_V0.1_L0.44_F1.25_fla27",112.036066666667,28.2618666666667,22.9228,11.4863666666667,10.7784333333333,0.708,1296.59473333333,9.0659,91.2040666666667
"109",15,0.1,0.44,1.35,27,105,"H15_V0.1_L0.44_F1.35_fla27",112.2704,28.3321,22.8907666666667,11.4946666666667,10.7867,0.708,1297.679,9.07243333333333,91.4477333333333
"110",15,0.1,0.44,1.5,27,105,"H15_V0.1_L0.44_F1.5_fla27",112.288666666667,28.3664333333333,22.8462,11.4954333333333,10.7875,0.708,1298.5555,9.07303333333333,91.4437666666667
"111",15,0.1,0.44,1.6,27,105,"H15_V0.1_L0.44_F1.6_fla27",112.259666666667,28.3842666666667,22.8096333333333,11.4945,10.7865666666667,0.708,1299.04326666667,9.0723,91.3961333333333
"112",15,0.1,0.44,1.75,27,105,"H15_V0.1_L0.44_F1.75_fla27",112.252833333333,28.3884333333333,22.8010333333333,11.4942666666667,10.7863666666667,0.708,1299.5634,9.07213333333333,91.3668666666667
"113",15,0.1,0.44,1.85,27,105,"H15_V0.1_L0.44_F1.85_fla27",112.2612,28.3837666666667,22.8102666666667,11.4945333333333,10.7865666666667,0.708,1299.79463333333,9.07233333333333,91.3638666666667
"114",15,0.1,0.44,1.99,27,105,"H15_V0.1_L0.44_F1.99_fla27",112.2604,28.3837333333333,22.8103333333333,11.4945666666667,10.7866333333333,0.708,1300.3198,9.07233333333333,91.3397
"115",15,0.1,1.521,0.01,27,351,"H15_V0.1_L1.521_F0.01_fla27",63.5768666666667,18.6566333333333,28.1017,9.22156666666667,8.51363333333333,0.708,690.204833333333,25.0932666666667,63.6842666666667
"116",15,0.1,1.521,0.15,27,351,"H15_V0.1_L1.521_F0.15_fla27",65.8633,19.1074666666667,27.8054,9.3531,8.6451,0.708,698.2375,25.4450333333333,65.8590666666667
"117",15,0.1,1.521,0.25,27,351,"H15_V0.1_L1.521_F0.25_fla27",67.4493333333333,19.4225333333333,27.6613666666667,9.4554,8.74746666666667,0.708,702.1958,25.7140666666667,67.4842
"118",15,0.1,1.521,0.4,27,351,"H15_V0.1_L1.521_F0.4_fla27",69.5029,19.9206333333333,25.3899333333333,9.59716666666667,8.8892,0.708,707.2312,26.0787,68.3662
"119",15,0.1,1.521,0.5,27,351,"H15_V0.1_L1.521_F0.5_fla27",71.1926333333333,20.2296666666667,26.1297333333333,9.69773333333333,8.98976666666667,0.708,717.228266666667,26.3598,70.3839
"120",15,0.1,1.521,0.65,27,351,"H15_V0.1_L1.521_F0.65_fla27",75.2323,21.0202,25.4749,9.91626666666667,9.20836666666667,0.708,736.3445,26.9665,73.9170333333333
"121",15,0.1,1.521,0.75,27,351,"H15_V0.1_L1.521_F0.75_fla27",79.0157333333333,21.7498666666667,25.2442333333333,10.1063666666667,9.39846666666667,0.708,754.096266666667,27.4970666666667,77.4706
"122",15,0.1,1.521,0.85,27,351,"H15_V0.1_L1.521_F0.85_fla27",84.9594,22.9852,25.1714333333333,10.3809333333333,9.67296666666667,0.708,782.5846,28.2678666666667,83.3346
"123",15,0.1,1.521,0.95,27,351,"H15_V0.1_L1.521_F0.95_fla27",92.3976,24.4950666666667,25.0682333333333,10.7077333333333,9.99973333333333,0.708,811.535066666667,29.1870666666667,90.9146333333333
"124",15,0.1,1.521,1,27,351,"H15_V0.1_L1.521_F1_fla27",96.6350333333333,25.3597,24.9330666666667,10.8840333333333,10.1760666666667,0.708,824.6577,29.6855333333333,95.3394
"125",15,0.1,1.521,1.05,27,351,"H15_V0.1_L1.521_F1.05_fla27",100.432933333333,26.1430333333333,24.7914,11.0418666666667,10.3339,0.708,834.4053,30.1318333333333,99.3944
"126",15,0.1,1.521,1.15,27,351,"H15_V0.1_L1.521_F1.15_fla27",106.865233333333,27.4619666666667,24.2273666666667,11.2971666666667,10.5892,0.708,845.551933333333,30.8560333333333,106.2827
"127",15,0.1,1.521,1.25,27,351,"H15_V0.1_L1.521_F1.25_fla27",110.363833333333,28.2195333333333,24.0728,11.4282,10.7202333333333,0.708,851.207633333333,31.2319,110.2011
"128",15,0.1,1.521,1.35,27,351,"H15_V0.1_L1.521_F1.35_fla27",111.676333333333,28.5629666666667,23.9602,11.4748666666667,10.7669,0.708,854.9129,31.3672,111.646033333333
"129",15,0.1,1.521,1.5,27,351,"H15_V0.1_L1.521_F1.5_fla27",112.042,28.7552666666667,23.7177666666667,11.4883333333333,10.7804,0.708,858.183833333333,31.4061333333333,111.9446
"130",15,0.1,1.521,1.6,27,351,"H15_V0.1_L1.521_F1.6_fla27",112.048266666667,28.7822666666667,23.648,11.4887333333333,10.7807666666667,0.708,859.623166666667,31.4071,111.878033333333
"131",15,0.1,1.521,1.75,27,351,"H15_V0.1_L1.521_F1.75_fla27",112.014266666667,28.8061,23.6002,11.4877666666667,10.7797666666667,0.708,860.741666666667,31.4043,111.798533333333
"132",15,0.1,1.521,1.85,27,351,"H15_V0.1_L1.521_F1.85_fla27",111.984133333333,28.8306333333333,23.5502333333333,11.4868666666667,10.7789,0.708,861.3493,31.4017666666667,111.745166666667
"133",15,0.1,1.521,1.99,27,351,"H15_V0.1_L1.521_F1.99_fla27",111.977033333333,28.8364333333333,23.5384666666667,11.4867,10.7787,0.708,862.0741,31.4011666666667,111.706633333333
"134",15,0.1,2.916,0.01,27,666,"H15_V0.1_L2.916_F0.01_fla27",47.2112,15.3826333333333,30.1625333333333,7.93383333333333,7.22583333333333,0.708,439.7829,41.1817,56.6361666666667
"135",15,0.1,2.916,0.15,27,666,"H15_V0.1_L2.916_F0.15_fla27",47.9623,15.5789333333333,29.3663666666667,8.0124,7.3045,0.708,439.857566666667,41.5819333333333,57.0711
"136",15,0.1,2.916,0.25,27,666,"H15_V0.1_L2.916_F0.25_fla27",48.0073666666667,15.6324666666667,29.1476333333333,8.0125,7.30456666666667,0.708,440.425466666667,41.5898333333333,57.0181
"137",15,0.1,2.916,0.4,27,666,"H15_V0.1_L2.916_F0.4_fla27",48.8168,15.7050666666667,29.9115,8.07563333333333,7.36763333333333,0.708,447.0857,41.9406666666667,58.0655333333333
"138",15,0.1,2.916,0.5,27,666,"H15_V0.1_L2.916_F0.5_fla27",50.1940666666667,15.9837666666667,29.6178666666667,8.17866666666667,7.47066666666667,0.708,455.589433333333,42.4689,59.1411333333333
"139",15,0.1,2.916,0.65,27,666,"H15_V0.1_L2.916_F0.65_fla27",55.0006333333333,17.031,27.2471666666667,8.5242,7.81626666666667,0.708,480.9688,44.2253,62.3251333333333
"140",15,0.1,2.916,0.75,27,666,"H15_V0.1_L2.916_F0.75_fla27",60.6626333333333,18.1387333333333,27.4745333333333,8.90973333333333,8.20176666666667,0.708,508.257166666667,46.2602666666667,67.9964666666667
"141",15,0.1,2.916,0.85,27,666,"H15_V0.1_L2.916_F0.85_fla27",69.2215666666667,19.8709666666667,27.0244,9.44696666666667,8.739,0.708,542.193466666667,49.1247333333333,76.4650333333333
"142",15,0.1,2.916,0.95,27,666,"H15_V0.1_L2.916_F0.95_fla27",79.9656333333333,22.0771,25.3728666666667,10.0487333333333,9.34076666666667,0.708,575.0251,52.3663,86.8751333333333
"143",15,0.1,2.916,1,27,666,"H15_V0.1_L2.916_F1_fla27",86.0765,23.3730333333333,25.1916,10.3603333333333,9.65236666666667,0.708,590.234666666667,54.0879666666667,93.4963333333333
"144",15,0.1,2.916,1.05,27,666,"H15_V0.1_L2.916_F1.05_fla27",91.9099,24.6329333333333,25.0500333333333,10.6412333333333,9.9333,0.708,601.674366666667,55.6594,100.007033333333
"145",15,0.1,2.916,1.15,27,666,"H15_V0.1_L2.916_F1.15_fla27",102.0485,26.7501333333333,24.1155333333333,11.0948333333333,10.3869,0.708,615.857266666667,58.2169,111.033633333333
"146",15,0.1,2.916,1.25,27,666,"H15_V0.1_L2.916_F1.25_fla27",108.289933333333,28.0841666666667,23.6195666666667,11.3499,10.6419333333333,0.708,621.879733333333,59.6864,118.038366666667
"147",15,0.1,2.916,1.35,27,666,"H15_V0.1_L2.916_F1.35_fla27",111.0706,28.7299,23.5025666666667,11.4556,10.7476333333333,0.708,624.694533333333,60.3102333333333,121.290833333333
"148",15,0.1,2.916,1.5,27,666,"H15_V0.1_L2.916_F1.5_fla27",111.763433333333,28.9963,23.2342666666667,11.4807,10.7727333333333,0.708,627.172866666667,60.4596,122.011933333333
"149",15,0.1,2.916,1.6,27,666,"H15_V0.1_L2.916_F1.6_fla27",111.768766666667,29.0122,23.1873,11.4809333333333,10.773,0.708,628.053833333333,60.4606,121.969066666667
"150",15,0.1,2.916,1.75,27,666,"H15_V0.1_L2.916_F1.75_fla27",111.722533333333,29.0532,23.1071666666667,11.4797666666667,10.7718333333333,0.708,628.794533333333,60.4537,121.8973
"151",15,0.1,2.916,1.85,27,666,"H15_V0.1_L2.916_F1.85_fla27",111.742866666667,29.0346,23.1422666666667,11.4802,10.7722666666667,0.708,629.182366666667,60.4563666666667,121.8964
"152",15,0.1,2.916,1.99,27,666,"H15_V0.1_L2.916_F1.99_fla27",111.738633333333,29.0385666666667,23.1345,11.4801,10.7721,0.708,629.231766666667,60.4556666666667,121.890666666667
"153",15,0.1,4.556,0.01,27,1013,"H15_V0.1_L4.556_F0.01_fla27",26.9520333333333,11.2458,31.4890666666667,5.5951,4.88713333333333,0.708,424.939,33.9879666666667,33.8790666666667
"154",15,0.1,4.556,0.15,27,1013,"H15_V0.1_L4.556_F0.15_fla27",30.0243333333333,11.9440333333333,31.4284333333333,5.9944,5.28643333333333,0.708,451.6222,36.3209333333333,36.4335333333333
"155",15,0.1,4.556,0.25,27,1013,"H15_V0.1_L4.556_F0.25_fla27",32.4618333333333,12.4628666666667,31.3200666666667,6.3086,5.6006,0.708,466.580166666667,38.1559,38.6484666666667
"156",15,0.1,4.556,0.4,27,1013,"H15_V0.1_L4.556_F0.4_fla27",36.2362666666667,13.3586666666667,30.2836333333333,6.76,6.05203333333333,0.708,486.1116,40.7661,41.7885666666667
"157",15,0.1,4.556,0.5,27,1013,"H15_V0.1_L4.556_F0.5_fla27",39.0668,14.0799666666667,29.2140666666667,7.0585,6.3506,0.708,506.886233333333,42.4849666666667,43.7500333333333
"158",15,0.1,4.556,0.65,27,1013,"H15_V0.1_L4.556_F0.65_fla27",45.0796333333333,15.3217333333333,28.7950333333333,7.62883333333333,6.9209,0.708,548.275066666667,45.8465666666667,48.8718333333333
"159",15,0.1,4.556,0.75,27,1013,"H15_V0.1_L4.556_F0.75_fla27",51.5138333333333,16.6865666666667,28.2671,8.1636,7.4557,0.708,587.873366666667,49.0430666666667,54.5614
"160",15,0.1,4.556,0.85,27,1013,"H15_V0.1_L4.556_F0.85_fla27",60.8345,18.6568666666667,26.7456,8.8367,8.12876666666667,0.708,638.480366666667,53.1087,62.6044333333333
"161",15,0.1,4.556,0.95,27,1013,"H15_V0.1_L4.556_F0.95_fla27",73.1696666666667,21.2221666666667,25.6658333333333,9.60433333333333,8.89636666666667,0.708,694.288033333333,57.8625,74.3089
"162",15,0.1,4.556,1,27,1013,"H15_V0.1_L4.556_F1_fla27",80.3548,22.7174666666667,24.9930666666667,10.0062,9.29826666666667,0.708,719.549166666667,60.3982666666667,81.4273333333333
"163",15,0.1,4.556,1.05,27,1013,"H15_V0.1_L4.556_F1.05_fla27",87.3863,24.1856666666667,24.4181666666667,10.3782333333333,9.67026666666667,0.708,739.2385,62.7765,88.6777
"164",15,0.1,4.556,1.15,27,1013,"H15_V0.1_L4.556_F1.15_fla27",99.6834,26.7770333333333,23.3919666666667,10.9781,10.2702,0.708,763.840833333333,66.6853,101.818466666667
"165",15,0.1,4.556,1.25,27,1013,"H15_V0.1_L4.556_F1.25_fla27",107.4103,28.4184333333333,22.7949666666667,11.3154,10.6074666666667,0.708,773.6478,68.9402,110.3793
"166",15,0.1,4.556,1.35,27,1013,"H15_V0.1_L4.556_F1.35_fla27",110.632033333333,29.1797,22.6111,11.4426666666667,10.7347666666667,0.708,778.877666666667,69.8169333333333,114.046
"167",15,0.1,4.556,1.5,27,1013,"H15_V0.1_L4.556_F1.5_fla27",111.347633333333,29.4312,22.3813,11.4694,10.7614,0.708,785.306933333333,70.0033333333333,114.6158
"168",15,0.1,4.556,1.6,27,1013,"H15_V0.1_L4.556_F1.6_fla27",111.341933333333,29.4936666666667,22.2354333333333,11.4694666666667,10.7615,0.708,789.058666666667,70.0031,114.433733333333
"169",15,0.1,4.556,1.75,27,1013,"H15_V0.1_L4.556_F1.75_fla27",111.302266666667,29.5552666666667,22.1149333333333,11.4683333333333,10.7604,0.708,793.0783,69.9956333333333,114.223866666667
"170",15,0.1,4.556,1.85,27,1013,"H15_V0.1_L4.556_F1.85_fla27",111.287666666667,29.5803333333333,22.0661333333333,11.4679333333333,10.76,0.708,794.2722,69.993,114.159633333333
"171",15,0.1,4.556,1.99,27,1013,"H15_V0.1_L4.556_F1.99_fla27",111.282933333333,29.5889,22.0492666666667,11.4678,10.7598333333333,0.708,794.9754,69.9920666666667,114.124733333333
"172",15,0.1,5.402,0.01,27,1201,"H15_V0.1_L5.402_F0.01_fla27",26.1820666666667,10.9618666666667,32.7256666666667,5.46416666666667,4.75623333333333,0.708,429.429066666667,33.0707666666667,33.4181333333333
"173",15,0.1,5.402,0.15,27,1201,"H15_V0.1_L5.402_F0.15_fla27",29.2972666666667,11.7840666666667,31.8601333333333,5.89083333333333,5.1829,0.708,448.2402,35.5652666666667,35.9913333333333
"174",15,0.1,5.402,0.25,27,1201,"H15_V0.1_L5.402_F0.25_fla27",31.5099333333333,12.2610333333333,31.6202,6.1703,5.46233333333333,0.708,465.837833333333,37.2069,37.7364333333333
"175",15,0.1,5.402,0.4,27,1201,"H15_V0.1_L5.402_F0.4_fla27",35.4995666666667,13.1812666666667,30.8908,6.64796666666667,5.94003333333333,0.708,495.8285,40.0109333333333,40.8453333333333
"176",15,0.1,5.402,0.5,27,1201,"H15_V0.1_L5.402_F0.5_fla27",38.4454666666667,13.8573333333333,30.3218666666667,6.98596666666667,6.27803333333333,0.708,514.3431,41.9997666666667,43.2812
"177",15,0.1,5.402,0.65,27,1201,"H15_V0.1_L5.402_F0.65_fla27",44.6048333333333,15.3156666666667,28.7161,7.5994,6.8914,0.708,555.810066666667,45.6272666666667,48.0417333333333
"178",15,0.1,5.402,0.75,27,1201,"H15_V0.1_L5.402_F0.75_fla27",50.7337666666667,16.6339,28.0790666666667,8.1174,7.40946666666667,0.708,595.505033333333,48.7452333333333,53.3120333333333
"179",15,0.1,5.402,0.85,27,1201,"H15_V0.1_L5.402_F0.85_fla27",59.4843333333333,18.4960333333333,27.0371666666667,8.7692,8.06126666666667,0.708,644.7162,52.7129666666667,61.0563
"180",15,0.1,5.402,0.95,27,1201,"H15_V0.1_L5.402_F0.95_fla27",71.5169,20.9980333333333,25.6447333333333,9.52933333333333,8.82136666666667,0.708,701.793666666667,57.4187333333333,72.1323666666667
"181",15,0.1,5.402,1,27,1201,"H15_V0.1_L5.402_F1_fla27",78.49,22.4744666666667,25.0443,9.92286666666667,9.2149,0.708,729.146133333333,59.9015666666667,78.9805
"182",15,0.1,5.402,1.05,27,1201,"H15_V0.1_L5.402_F1.05_fla27",85.4362666666667,23.9107666666667,24.4653666666667,10.2957333333333,9.5878,0.708,750.9542,62.2724,86.0111
"183",15,0.1,5.402,1.15,27,1201,"H15_V0.1_L5.402_F1.15_fla27",98.1373666666667,26.5635666666667,23.3517333333333,10.9178333333333,10.2099,0.708,778.8147,66.2996666666667,99.4039666666667
"184",15,0.1,5.402,1.25,27,1201,"H15_V0.1_L5.402_F1.25_fla27",106.410833333333,28.3614666666667,22.6437333333333,11.2785666666667,10.5706333333333,0.708,791.8363,68.6953666666667,108.469
"185",15,0.1,5.402,1.35,27,1201,"H15_V0.1_L5.402_F1.35_fla27",110.060333333333,29.1722666666667,22.4222,11.4221333333333,10.7142333333333,0.708,797.739333333333,69.6747,112.5437
"186",15,0.1,5.402,1.5,27,1201,"H15_V0.1_L5.402_F1.5_fla27",111.286733333333,29.4863333333333,22.2562666666667,11.4675,10.7595666666667,0.708,801.989766666667,69.9901666666667,113.8097
"187",15,0.1,5.402,1.6,27,1201,"H15_V0.1_L5.402_F1.6_fla27",111.323833333333,29.5176,22.1861333333333,11.4688666666667,10.7609,0.708,803.0255,69.9992,113.795033333333
"188",15,0.1,5.402,1.75,27,1201,"H15_V0.1_L5.402_F1.75_fla27",111.320833333333,29.5232666666667,22.1745,11.4687666666667,10.7608,0.708,802.880366666667,69.9985,113.799066666667
"189",15,0.1,5.402,1.85,27,1201,"H15_V0.1_L5.402_F1.85_fla27",111.319966666667,29.5236,22.1744,11.4687666666667,10.7608333333333,0.708,802.742066666667,69.9985,113.804766666667
"190",15,0.1,5.402,1.99,27,1201,"H15_V0.1_L5.402_F1.99_fla27",111.323366666667,29.5188333333333,22.1836666666667,11.4688666666667,10.7609,0.708,802.911033333333,69.9991,113.799833333333
"191",15,0.25,0.44,0.01,27,105,"H15_V0.25_L0.44_F0.01_fla27",81.1291,21.9332,24.9118,10.2504,9.5425,0.708,1138.9535,8.0954,62.2916
"192",15,0.25,0.44,0.15,27,105,"H15_V0.25_L0.44_F0.15_fla27",88.1664666666667,23.3437666666667,24.6433666666667,10.5672,9.85926666666667,0.708,1179.85076666667,8.34403333333333,68.7270333333333
"193",15,0.25,0.44,0.25,27,105,"H15_V0.25_L0.44_F0.25_fla27",94.0454666666667,24.5268333333333,24.4709,10.8163,10.1083333333333,0.708,1210.7846,8.53976666666667,74.2886
"194",15,0.25,0.44,0.4,27,105,"H15_V0.25_L0.44_F0.4_fla27",100.545766666667,25.8411333333333,24.2869,11.0837,10.3757333333333,0.708,1240.06876666667,8.7499,80.6699
"195",15,0.25,0.44,0.5,27,105,"H15_V0.25_L0.44_F0.5_fla27",102.3407,26.1556666666667,23.543,11.1555666666667,10.4476,0.708,1243.89526666667,8.80583333333333,82.1123
"196",15,0.25,0.44,0.65,27,105,"H15_V0.25_L0.44_F0.65_fla27",103.3079,26.3716333333333,23.2793666666667,11.1880333333333,10.4800666666667,0.708,1248.97576666667,8.8311,82.9053
"197",15,0.25,0.44,0.75,27,105,"H15_V0.25_L0.44_F0.75_fla27",104.306233333333,26.5992333333333,23.1275666666667,11.2221333333333,10.5141333333333,0.708,1255.79526666667,8.85773333333333,83.7375333333333
"198",15,0.25,0.44,0.85,27,105,"H15_V0.25_L0.44_F0.85_fla27",105.528833333333,26.9214666666667,23.5423,11.2656,10.5576333333333,0.708,1264.66166666667,8.8924,85.1767666666667
"199",15,0.25,0.44,0.95,27,105,"H15_V0.25_L0.44_F0.95_fla27",107.009833333333,27.2453333333333,23.4475,11.3155333333333,10.6076,0.708,1273.0897,8.93196666666667,86.5525
"200",15,0.25,0.44,1,27,105,"H15_V0.25_L0.44_F1_fla27",107.751533333333,27.4035333333333,23.3511,11.3402666666667,10.6323333333333,0.708,1277.06296666667,8.95153333333333,87.2154666666667
"201",15,0.25,0.44,1.05,27,105,"H15_V0.25_L0.44_F1.05_fla27",108.4867,27.574,23.2739,11.3648,10.6568666666667,0.708,1280.9125,8.97096666666667,87.9069666666667
"202",15,0.25,0.44,1.15,27,105,"H15_V0.25_L0.44_F1.15_fla27",109.797,27.8233,23.1203666666667,11.4090333333333,10.7010333333333,0.708,1287.2881,9.00576666666667,89.0764
"203",15,0.25,0.44,1.25,27,105,"H15_V0.25_L0.44_F1.25_fla27",110.704066666667,28.0118666666667,23.0022666666667,11.4406333333333,10.7326666666667,0.708,1291.5123,9.03036666666667,89.9086666666667
"204",15,0.25,0.44,1.35,27,105,"H15_V0.25_L0.44_F1.35_fla27",111.394433333333,28.1591666666667,22.9423333333333,11.4645333333333,10.7565666666667,0.708,1294.42643333333,9.0489,90.5797
"205",15,0.25,0.44,1.5,27,105,"H15_V0.25_L0.44_F1.5_fla27",111.9526,28.2852333333333,22.8632666666667,11.4838666666667,10.7759,0.708,1297.28183333333,9.0639,91.0899666666667
"206",15,0.25,0.44,1.6,27,105,"H15_V0.25_L0.44_F1.6_fla27",112.181166666667,28.3544666666667,22.8302,11.4918333333333,10.7838666666667,0.708,1298.4528,9.07016666666667,91.3224
"207",15,0.25,0.44,1.75,27,105,"H15_V0.25_L0.44_F1.75_fla27",112.257366666667,28.3855333333333,22.8070666666667,11.4944666666667,10.7865,0.708,1299.34066666667,9.07226666666667,91.3808333333333
"208",15,0.25,0.44,1.85,27,105,"H15_V0.25_L0.44_F1.85_fla27",112.2495,28.3902666666667,22.7973666666667,11.4942333333333,10.7862666666667,0.708,1299.8296,9.07206666666667,91.3520666666667
"209",15,0.25,0.44,1.99,27,105,"H15_V0.25_L0.44_F1.99_fla27",112.259266666667,28.3845666666667,22.8085666666667,11.4945,10.7865333333333,0.708,1300.0158,9.0723,91.3522666666667
"210",15,0.25,1.521,0.01,27,351,"H15_V0.25_L1.521_F0.01_fla27",65.0628666666667,18.9520333333333,27.9132333333333,9.33463333333333,8.62673333333333,0.708,694.5416,25.3842666666667,65.1423
"211",15,0.25,1.521,0.15,27,351,"H15_V0.25_L1.521_F0.15_fla27",67.6475333333333,19.4675,27.7067666666667,9.46473333333333,8.7568,0.708,708.306266666667,25.7423333333333,67.4861
"212",15,0.25,1.521,0.25,27,351,"H15_V0.25_L1.521_F0.25_fla27",70.4537333333333,20.0387,27.6183,9.62893333333333,8.921,0.708,718.314166666667,26.1914,70.3568666666667
"213",15,0.25,1.521,0.4,27,351,"H15_V0.25_L1.521_F0.4_fla27",73.9825666666667,20.7724666666667,26.208,9.84576666666667,9.13783333333333,0.708,724.6991,26.7710666666667,73.4203
"214",15,0.25,1.521,0.5,27,351,"H15_V0.25_L1.521_F0.5_fla27",75.7881333333333,21.1636666666667,25.8448,9.94593333333333,9.238,0.708,731.638033333333,27.0440666666667,75.0760666666667
"215",15,0.25,1.521,0.65,27,351,"H15_V0.25_L1.521_F0.65_fla27",78.8861666666667,21.7837666666667,25.7977666666667,10.1148,9.40683333333333,0.708,745.929866666667,27.5140333333333,78.1183666666667
"216",15,0.25,1.521,0.75,27,351,"H15_V0.25_L1.521_F0.75_fla27",81.9385,22.389,25.8180333333333,10.2698333333333,9.56186666666667,0.708,759.7229,27.9494666666667,81.163
"217",15,0.25,1.521,0.85,27,351,"H15_V0.25_L1.521_F0.85_fla27",85.4522666666667,23.1327333333333,25.5240333333333,10.437,9.729,0.708,776.731866666667,28.4185,84.4801666666667
"218",15,0.25,1.521,0.95,27,351,"H15_V0.25_L1.521_F0.95_fla27",90.1514333333333,24.0689666666667,25.2361666666667,10.6462,9.9383,0.708,795.859266666667,29.0062333333333,89.0633
"219",15,0.25,1.521,1,27,351,"H15_V0.25_L1.521_F1_fla27",92.5968666666667,24.5803666666667,25.2677666666667,10.7504666666667,10.0424666666667,0.708,805.179566666667,29.3003,91.6268666666667
"220",15,0.25,1.521,1.05,27,351,"H15_V0.25_L1.521_F1.05_fla27",95.3407666666667,25.1546,25.1486,10.8642,10.1562,0.708,814.520566666667,29.6212,94.4544333333333
"221",15,0.25,1.521,1.15,27,351,"H15_V0.25_L1.521_F1.15_fla27",100.580366666667,26.2482666666667,24.7181,11.0712,10.3632666666667,0.708,830.892733333333,30.2073,99.7839666666667
"222",15,0.25,1.521,1.25,27,351,"H15_V0.25_L1.521_F1.25_fla27",104.910766666667,27.1236666666667,24.3409333333333,11.2380333333333,10.5300666666667,0.708,841.216533333333,30.6818,104.279533333333
"223",15,0.25,1.521,1.35,27,351,"H15_V0.25_L1.521_F1.35_fla27",108.0647,27.8295,24.1687333333333,11.3545333333333,10.6466,0.708,847.7232,31.0175,107.758533333333
"224",15,0.25,1.521,1.5,27,351,"H15_V0.25_L1.521_F1.5_fla27",110.2657,28.3467,23.892,11.4290666666667,10.7211,0.708,854.191033333333,31.2337,110.034766666667
"225",15,0.25,1.521,1.6,27,351,"H15_V0.25_L1.521_F1.6_fla27",111.1162,28.5643666666667,23.8028,11.4569666666667,10.749,0.708,857.182933333333,31.3152,110.927333333333
"226",15,0.25,1.521,1.75,27,351,"H15_V0.25_L1.521_F1.75_fla27",111.805266666667,28.7586333333333,23.6829,11.4804666666667,10.7725666666667,0.708,860.006866666667,31.3837,111.626633333333
"227",15,0.25,1.521,1.85,27,351,"H15_V0.25_L1.521_F1.85_fla27",111.9693,28.8130666666667,23.6037333333333,11.4863,10.7783333333333,0.708,861.0353,31.4002666666667,111.755866666667
"228",15,0.25,1.521,1.99,27,351,"H15_V0.25_L1.521_F1.99_fla27",112.0417,28.7856,23.6389333333333,11.4884,10.7804,0.708,861.551766666667,31.4061333333333,111.785133333333
"229",15,0.25,2.916,0.01,27,666,"H15_V0.25_L2.916_F0.01_fla27",48.8311333333333,15.7097,29.8831333333333,8.0898,7.38183333333333,0.708,444.336933333333,41.9790333333333,58.1879333333333
"230",15,0.25,2.916,0.15,27,666,"H15_V0.25_L2.916_F0.15_fla27",50.0808,15.9923,29.2827,8.19493333333333,7.487,0.708,451.305866666667,42.5198333333333,59.0227
"231",15,0.25,2.916,0.25,27,666,"H15_V0.25_L2.916_F0.25_fla27",51.488,16.2971333333333,29.3042666666667,8.31393333333333,7.60596666666667,0.708,458.528966666667,43.1478666666667,60.4278666666667
"232",15,0.25,2.916,0.4,27,666,"H15_V0.25_L2.916_F0.4_fla27",53.8998333333333,16.8630666666667,28.1307333333333,8.5062,7.79826666666667,0.708,468.8579,44.1426666666667,62.2010333333333
"233",15,0.25,2.916,0.5,27,666,"H15_V0.25_L2.916_F0.5_fla27",56.1589666666667,17.2728666666667,28.0164666666667,8.66383333333333,7.95593333333333,0.708,478.996066666667,44.9704666666667,64.3162666666667
"234",15,0.25,2.916,0.65,27,666,"H15_V0.25_L2.916_F0.65_fla27",61.5265666666667,18.3559666666667,27.7432666666667,9.00756666666667,8.2996,0.708,504.644666666667,46.7723,69.4302666666667
"235",15,0.25,2.916,0.75,27,666,"H15_V0.25_L2.916_F0.75_fla27",66.777,19.4595666666667,27.3176333333333,9.34316666666667,8.63526666666667,0.708,524.581466666667,48.5444,74.6222666666667
"236",15,0.25,2.916,0.85,27,666,"H15_V0.25_L2.916_F0.85_fla27",73.1345,20.7792333333333,26.3088333333333,9.73736666666667,9.02936666666667,0.708,543.933966666667,50.6350666666667,80.7804333333333
"237",15,0.25,2.916,0.95,27,666,"H15_V0.25_L2.916_F0.95_fla27",79.3171,22.0930333333333,25.9610666666667,10.0948333333333,9.3869,0.708,559.4568,52.5656666666667,87.3702666666667
"238",15,0.25,2.916,1,27,666,"H15_V0.25_L2.916_F1_fla27",82.5219666666667,22.7733666666667,25.7605666666667,10.2637,9.55573333333333,0.708,567.9928,53.4931333333333,90.7515333333333
"239",15,0.25,2.916,1.05,27,666,"H15_V0.25_L2.916_F1.05_fla27",85.6822,23.4535333333333,25.4192666666667,10.4203666666667,9.71243333333333,0.708,576.110233333333,54.3585333333333,94.0185666666667
"240",15,0.25,2.916,1.15,27,666,"H15_V0.25_L2.916_F1.15_fla27",91.8938666666667,24.7749666666667,24.9005333333333,10.7017666666667,9.99383333333333,0.708,593.110633333333,55.942,100.472333333333
"241",15,0.25,2.916,1.25,27,666,"H15_V0.25_L2.916_F1.25_fla27",97.9951333333333,26.0334333333333,24.4234,10.9601666666667,10.2522333333333,0.708,606.737333333333,57.4152666666667,106.913866666667
"242",15,0.25,2.916,1.35,27,666,"H15_V0.25_L2.916_F1.35_fla27",103.4692,27.167,23.8780666666667,11.1764,10.4685,0.708,616.656433333333,58.6648333333333,112.728333333333
"243",15,0.25,2.916,1.5,27,666,"H15_V0.25_L2.916_F1.5_fla27",109.127066666667,28.3652666666667,23.4909333333333,11.3866,10.6786666666667,0.708,624.347166666667,59.8998333333333,119.004333333333
"244",15,0.25,2.916,1.6,27,666,"H15_V0.25_L2.916_F1.6_fla27",110.8828,28.7706,23.3725,11.4494,10.7414666666667,0.708,626.007566666667,60.2737333333333,121.030966666667
"245",15,0.25,2.916,1.75,27,666,"H15_V0.25_L2.916_F1.75_fla27",111.721666666667,28.9877666666667,23.2335,11.4792666666667,10.7713,0.708,627.009233333333,60.451,121.968666666667
"246",15,0.25,2.916,1.85,27,666,"H15_V0.25_L2.916_F1.85_fla27",111.768,29.0123,23.1868,11.4809,10.7729666666667,0.708,627.4101,60.4604666666667,121.996933333333
"247",15,0.25,2.916,1.99,27,666,"H15_V0.25_L2.916_F1.99_fla27",111.754133333333,29.0254666666667,23.1610666666667,11.4805333333333,10.7725666666667,0.708,628.550933333333,60.4582666666667,121.9345
"248",15,0.25,4.556,0.01,27,1013,"H15_V0.25_L4.556_F0.01_fla27",27.8295666666667,11.4395333333333,31.3254666666667,5.73676666666667,5.0288,0.708,429.866766666667,34.8217333333333,34.6189333333333
"249",15,0.25,4.556,0.15,27,1013,"H15_V0.25_L4.556_F0.15_fla27",30.5640333333333,12.049,31.419,6.09546666666667,5.38746666666667,0.708,453.894966666667,36.9089666666667,36.9609333333333
"250",15,0.25,4.556,0.25,27,1013,"H15_V0.25_L4.556_F0.25_fla27",33.0104,12.5797666666667,31.1975,6.39736666666667,5.6894,0.708,468.9261,38.6665666666667,39.1203
"251",15,0.25,4.556,0.4,27,1013,"H15_V0.25_L4.556_F0.4_fla27",37.5510666666667,13.6044666666667,30.2173333333333,6.89456666666667,6.18666666666667,0.708,497.761566666667,41.5495,42.77
"252",15,0.25,4.556,0.5,27,1013,"H15_V0.25_L4.556_F0.5_fla27",41.8703333333333,14.5516333333333,29.7913333333333,7.3204,6.61246666666667,0.708,527.918733333333,44.0358,46.4197666666667
"253",15,0.25,4.556,0.65,27,1013,"H15_V0.25_L4.556_F0.65_fla27",50.2584333333333,16.3712333333333,28.3902333333333,8.08433333333333,7.3764,0.708,575.907133333333,48.5418,53.5815666666667
"254",15,0.25,4.556,0.75,27,1013,"H15_V0.25_L4.556_F0.75_fla27",56.489,17.7221666666667,26.6812666666667,8.60193333333333,7.894,0.708,604.577333333333,51.6122333333333,58.7771
"255",15,0.25,4.556,0.85,27,1013,"H15_V0.25_L4.556_F0.85_fla27",63.4608666666667,19.2549333333333,26.7386333333333,9.1045,8.39656666666667,0.708,638.6862,54.6910333333333,65.8297666666667
"256",15,0.25,4.556,0.95,27,1013,"H15_V0.25_L4.556_F0.95_fla27",71.1349,20.9086,25.9616666666667,9.5908,8.88286666666667,0.708,674.254066666667,57.7067666666667,73.0865666666667
"257",15,0.25,4.556,1,27,1013,"H15_V0.25_L4.556_F1_fla27",75.2865,21.7810333333333,25.4683,9.83416666666667,9.12623333333333,0.708,689.685866666667,59.2321,77.1054666666667
"258",15,0.25,4.556,1.05,27,1013,"H15_V0.25_L4.556_F1.05_fla27",79.6158333333333,22.6828333333333,25.0280666666667,10.0732333333333,9.36526666666667,0.708,704.049366666667,60.7445333333333,81.4106666666667
"259",15,0.25,4.556,1.15,27,1013,"H15_V0.25_L4.556_F1.15_fla27",88.3519,24.535,24.2231666666667,10.5141666666667,9.8062,0.708,732.6465,63.5803,90.2143
"260",15,0.25,4.556,1.25,27,1013,"H15_V0.25_L4.556_F1.25_fla27",96.6424333333333,26.2687,23.4889666666667,10.8841666666667,10.1761666666667,0.708,755.8434,66.019,98.7326
"261",15,0.25,4.556,1.35,27,1013,"H15_V0.25_L4.556_F1.35_fla27",103.327666666667,27.6903,22.8904333333333,11.1598333333333,10.4518333333333,0.708,770.6816,67.8724,105.804233333333
"262",15,0.25,4.556,1.5,27,1013,"H15_V0.25_L4.556_F1.5_fla27",109.0197,28.9464,22.5098333333333,11.3840666666667,10.6761,0.708,782.9028,69.4087666666667,111.991433333333
"263",15,0.25,4.556,1.6,27,1013,"H15_V0.25_L4.556_F1.6_fla27",110.480333333333,29.3034333333333,22.3438666666667,11.4385666666667,10.7306,0.708,787.617833333333,69.7879,113.512433333333
"264",15,0.25,4.556,1.75,27,1013,"H15_V0.25_L4.556_F1.75_fla27",111.163033333333,29.5203666666667,22.1620333333333,11.4634,10.7554333333333,0.708,792.212466666667,69.9618,114.116733333333
"265",15,0.25,4.556,1.85,27,1013,"H15_V0.25_L4.556_F1.85_fla27",111.258033333333,29.5675,22.1067333333333,11.4669,10.7589,0.708,793.834333333333,69.9864333333333,114.1608
"266",15,0.25,4.556,1.99,27,1013,"H15_V0.25_L4.556_F1.99_fla27",111.283366666667,29.5885666666667,22.05,11.4678,10.7598333333333,0.708,795.151966666667,69.9921333333333,114.117233333333
"267",15,0.25,5.402,0.01,27,1201,"H15_V0.25_L5.402_F0.01_fla27",27.3112666666667,11.2068666666667,32.5250333333333,5.60926666666667,4.9013,0.708,438.551566666667,33.8774666666667,34.2469666666667
"268",15,0.25,5.402,0.15,27,1201,"H15_V0.25_L5.402_F0.15_fla27",30.9363666666667,12.1464666666667,31.4712,6.08663333333333,5.3787,0.708,461.768633333333,36.6606,37.1279
"269",15,0.25,5.402,0.25,27,1201,"H15_V0.25_L5.402_F0.25_fla27",33.5514,12.6971666666667,31.3376333333333,6.41286666666667,5.70493333333333,0.708,480.128833333333,38.5798333333333,39.3834
"270",15,0.25,5.402,0.4,27,1201,"H15_V0.25_L5.402_F0.4_fla27",38.1952333333333,13.7445666666667,30.4468666666667,6.94946666666667,6.24153333333333,0.708,511.785533333333,41.7423666666667,43.0865333333333
"271",15,0.25,5.402,0.5,27,1201,"H15_V0.25_L5.402_F0.5_fla27",41.8136666666667,14.6139666666667,29.1474666666667,7.3342,6.62623333333333,0.708,534.191366666667,44.0133666666667,45.7526333333333
"272",15,0.25,5.402,0.65,27,1201,"H15_V0.25_L5.402_F0.65_fla27",48.8349666666667,16.1707,28.5523666666667,7.99626666666667,7.2883,0.708,577.456933333333,47.9758666666667,52.0374
"273",15,0.25,5.402,0.75,27,1201,"H15_V0.25_L5.402_F0.75_fla27",54.6061333333333,17.4494333333333,27.6875333333333,8.4732,7.76526666666667,0.708,609.151666666667,50.8538,57.1332333333333
"274",15,0.25,5.402,0.85,27,1201,"H15_V0.25_L5.402_F0.85_fla27",61.3453333333333,18.9125,26.8743,8.97603333333333,8.26806666666667,0.708,642.0316,53.9252,63.3547666666667
"275",15,0.25,5.402,0.95,27,1201,"H15_V0.25_L5.402_F0.95_fla27",68.8404,20.5282,26.0236333333333,9.4705,8.7626,0.708,676.412366666667,56.9901333333333,70.3965
"276",15,0.25,5.402,1,27,1201,"H15_V0.25_L5.402_F1_fla27",72.8248666666667,21.3768666666667,25.5518666666667,9.71216666666667,9.00423333333333,0.708,692.832033333333,58.5008666666667,74.1959666666667
"277",15,0.25,5.402,1.05,27,1201,"H15_V0.25_L5.402_F1.05_fla27",76.8939,22.2405666666667,25.1163666666667,9.94346666666667,9.2355,0.708,709.673066666667,59.9607666666667,78.1
"278",15,0.25,5.402,1.15,27,1201,"H15_V0.25_L5.402_F1.15_fla27",85.7021,24.0946333333333,24.3355333333333,10.3942333333333,9.68626666666667,0.708,742.651266666667,62.8481,86.7930333333333
"279",15,0.25,5.402,1.25,27,1201,"H15_V0.25_L5.402_F1.25_fla27",94.2063333333333,25.9132666666667,23.5662,10.7842666666667,10.0762666666667,0.708,770.0616,65.393,95.4136666666667
"280",15,0.25,5.402,1.35,27,1201,"H15_V0.25_L5.402_F1.35_fla27",101.2879,27.3927,22.9056666666667,11.0863,10.3783666666667,0.708,785.782766666667,67.3877,102.8495
"281",15,0.25,5.402,1.5,27,1201,"H15_V0.25_L5.402_F1.5_fla27",107.727566666667,28.7595,22.5106333333333,11.3398,10.6318666666667,0.708,797.4036,69.1036333333333,109.8956
"282",15,0.25,5.402,1.6,27,1201,"H15_V0.25_L5.402_F1.6_fla27",109.7307,29.1814666666667,22.2721666666667,11.4120333333333,10.7041,0.708,801.9898,69.6013,111.965266666667
"283",15,0.25,5.402,1.75,27,1201,"H15_V0.25_L5.402_F1.75_fla27",111.027866666667,29.4728333333333,22.2149,11.4584666666667,10.7504666666667,0.708,804.0223,69.9274,113.434966666667
"284",15,0.25,5.402,1.85,27,1201,"H15_V0.25_L5.402_F1.85_fla27",111.2705,29.5245,22.1973333333333,11.4670666666667,10.7591,0.708,803.454233333333,69.9878,113.743733333333
"285",15,0.25,5.402,1.99,27,1201,"H15_V0.25_L5.402_F1.99_fla27",111.3227,29.5196,22.1821333333333,11.4688333333333,10.7608666666667,0.708,802.426033333333,69.9989666666667,113.8209
"286",15,0.5,0.44,0.01,27,105,"H15_V0.5_L0.44_F0.01_fla27",82.1482333333333,22.1314333333333,24.8794333333333,10.2905333333333,9.5826,0.708,1145.3783,8.1274,63.1971
"287",15,0.5,0.44,0.15,27,105,"H15_V0.5_L0.44_F0.15_fla27",88.9549,23.497,24.6073333333333,10.5979333333333,9.89,0.708,1184.6893,8.3681,69.4263
"288",15,0.5,0.44,0.25,27,105,"H15_V0.5_L0.44_F0.25_fla27",95.3099333333333,24.7757666666667,24.3906333333333,10.8631,10.1551,0.708,1217.9314,8.5755,75.4277333333333
"289",15,0.5,0.44,0.4,27,105,"H15_V0.5_L0.44_F0.4_fla27",102.429433333333,26.2291666666667,24.2105666666667,11.1567333333333,10.4488,0.708,1249.10686666667,8.806,82.4889
"290",15,0.5,0.44,0.5,27,105,"H15_V0.5_L0.44_F0.5_fla27",104.501033333333,26.5653333333333,22.8607666666667,11.2382,10.5302666666667,0.708,1252.35333333333,8.86926666666667,83.8564666666667
"291",15,0.5,0.44,0.65,27,105,"H15_V0.5_L0.44_F0.65_fla27",105.571766666667,26.8541333333333,23.1441,11.2730666666667,10.5651333333333,0.708,1259.18393333333,8.897,85.1161
"292",15,0.5,0.44,0.75,27,105,"H15_V0.5_L0.44_F0.75_fla27",106.120866666667,27.0358666666667,23.6173666666667,11.2914666666667,10.5835333333333,0.708,1264.60023333333,8.91196666666667,85.9308333333333
"293",15,0.5,0.44,0.85,27,105,"H15_V0.5_L0.44_F0.85_fla27",106.737366666667,27.1845333333333,23.5624666666667,11.3122333333333,10.6042333333333,0.708,1269.36846666667,8.9287,86.4563666666667
"294",15,0.5,0.44,0.95,27,105,"H15_V0.5_L0.44_F0.95_fla27",107.386066666667,27.3377,23.4288,11.332,10.6241,0.708,1274.2957,8.94446666666667,86.9603666666667
"295",15,0.5,0.44,1,27,105,"H15_V0.5_L0.44_F1_fla27",107.688933333333,27.4157,23.3909333333333,11.3416333333333,10.6337,0.708,1276.56586666667,8.9521,87.2214333333333
"296",15,0.5,0.44,1.05,27,105,"H15_V0.5_L0.44_F1.05_fla27",107.978266666667,27.4900333333333,23.3244666666667,11.3516,10.6437,0.708,1278.43063333333,8.95996666666667,87.4648666666667
"297",15,0.5,0.44,1.15,27,105,"H15_V0.5_L0.44_F1.15_fla27",108.565766666667,27.6181333333333,23.2771666666667,11.3713666666667,10.6633666666667,0.708,1281.6666,8.9755,88.0086
"298",15,0.5,0.44,1.25,27,105,"H15_V0.5_L0.44_F1.25_fla27",109.155666666667,27.7248333333333,23.1543,11.3912333333333,10.6832666666667,0.708,1284.22923333333,8.99116666666667,88.5070666666667
"299",15,0.5,0.44,1.35,27,105,"H15_V0.5_L0.44_F1.35_fla27",109.576033333333,27.8218666666667,23.1017333333333,11.4056333333333,10.6976666666667,0.708,1286.5282,9.0026,88.8919333333333
"300",15,0.5,0.44,1.5,27,105,"H15_V0.5_L0.44_F1.5_fla27",110.2564,27.9626,22.9698333333333,11.4286,10.7207,0.708,1290.22623333333,9.0206,89.4638333333333
"301",15,0.5,0.44,1.6,27,105,"H15_V0.5_L0.44_F1.6_fla27",110.892033333333,28.0862,22.9598333333333,11.4487,10.7407666666667,0.708,1293.5693,9.03633333333333,90.0648666666667
"302",15,0.5,0.44,1.75,27,105,"H15_V0.5_L0.44_F1.75_fla27",111.744133333333,28.2618333333333,22.8551666666667,11.4770333333333,10.7690666666667,0.708,1297.3001,9.05853333333333,90.8591666666667
"303",15,0.5,0.44,1.85,27,105,"H15_V0.5_L0.44_F1.85_fla27",112.095666666667,28.3341333333333,22.8340666666667,11.4889333333333,10.7809666666667,0.708,1298.6341,9.0679,91.21
"304",15,0.5,0.44,1.99,27,105,"H15_V0.5_L0.44_F1.99_fla27",112.271066666667,28.3696,22.8350333333333,11.4948,10.7868666666667,0.708,1299.32846666667,9.07253333333333,91.3902666666667
"305",15,0.5,1.521,0.01,27,351,"H15_V0.5_L1.521_F0.01_fla27",65.7029333333333,19.0985,27.0638666666667,9.38483333333333,8.67686666666667,0.708,696.815066666667,25.4915666666667,65.2787
"306",15,0.5,1.521,0.15,27,351,"H15_V0.5_L1.521_F0.15_fla27",69.3429333333333,19.8792,26.3501333333333,9.60373333333333,8.89576666666667,0.708,713.337866666667,26.1004,68.5127666666667
"307",15,0.5,1.521,0.25,27,351,"H15_V0.5_L1.521_F0.25_fla27",72.8112333333333,20.5912666666667,26.265,9.80376666666667,9.0958,0.708,727.6297,26.6597333333333,71.9968
"308",15,0.5,1.521,0.4,27,351,"H15_V0.5_L1.521_F0.4_fla27",77.4883666666667,21.5054666666667,26.2140333333333,10.0686,9.36066666666667,0.708,740.2383,27.3963333333333,76.9708333333333
"309",15,0.5,1.521,0.5,27,351,"H15_V0.5_L1.521_F0.5_fla27",79.4413666666667,21.9114,25.8865666666667,10.1703333333333,9.4624,0.708,746.820733333333,27.6752333333333,78.8234333333333
"310",15,0.5,1.521,0.65,27,351,"H15_V0.5_L1.521_F0.65_fla27",81.9771333333333,22.4236666666667,25.9326333333333,10.2782333333333,9.57023333333333,0.708,757.809133333333,27.9743666666667,81.4054333333333
"311",15,0.5,1.521,0.75,27,351,"H15_V0.5_L1.521_F0.75_fla27",84.1693666666667,22.8857,25.7639333333333,10.3658666666667,9.65796666666667,0.708,770.125233333333,28.2201333333333,83.4049
"312",15,0.5,1.521,0.85,27,351,"H15_V0.5_L1.521_F0.85_fla27",87.2131666666667,23.5218666666667,25.5412333333333,10.4945666666667,9.78663333333333,0.708,785.040133333333,28.5811666666667,86.2786666666667
"313",15,0.5,1.521,0.95,27,351,"H15_V0.5_L1.521_F0.95_fla27",91.4117,24.3898666666667,25.3121333333333,10.6789333333333,9.971,0.708,800.958833333333,29.1009666666667,90.4879333333333
"314",15,0.5,1.521,1,27,351,"H15_V0.5_L1.521_F1_fla27",93.305,24.8047333333333,25.1599333333333,10.7616,10.0537,0.708,806.9808,29.3353333333333,92.4383333333333
"315",15,0.5,1.521,1.05,27,351,"H15_V0.5_L1.521_F1.05_fla27",95.2675666666667,25.2133666666667,25.1339333333333,10.8474333333333,10.1394666666667,0.708,812.4461,29.5798666666667,94.5501333333333
"316",15,0.5,1.521,1.15,27,351,"H15_V0.5_L1.521_F1.15_fla27",98.6018,25.9078333333333,24.9922666666667,10.9884333333333,10.2804666666667,0.708,821.387166666667,29.9809,98.0923
"317",15,0.5,1.521,1.25,27,351,"H15_V0.5_L1.521_F1.25_fla27",100.988366666667,26.3887,24.7181,11.0857,10.3777,0.708,827.6739,30.2562,100.4974
"318",15,0.5,1.521,1.35,27,351,"H15_V0.5_L1.521_F1.35_fla27",102.953566666667,26.7893666666667,24.4527666666667,11.1613666666667,10.4534,0.708,833.390066666667,30.4686333333333,102.4355
"319",15,0.5,1.521,1.5,27,351,"H15_V0.5_L1.521_F1.5_fla27",105.6193,27.3352333333333,24.2685,11.2630666666667,10.5551666666667,0.708,841.5695,30.755,105.161433333333
"320",15,0.5,1.521,1.6,27,351,"H15_V0.5_L1.521_F1.6_fla27",107.165933333333,27.6806,24.1856333333333,11.3210333333333,10.6130666666667,0.708,846.320866666667,30.9206333333333,106.797466666667
"321",15,0.5,1.521,1.75,27,351,"H15_V0.5_L1.521_F1.75_fla27",109.1936,28.1483666666667,24.0077,11.3925666666667,10.6845666666667,0.708,853.582133333333,31.1280666666667,108.8733
"322",15,0.5,1.521,1.85,27,351,"H15_V0.5_L1.521_F1.85_fla27",110.4948,28.3832333333333,23.884,11.4356666666667,10.7277333333333,0.708,857.423166666667,31.253,110.147333333333
"323",15,0.5,1.521,1.99,27,351,"H15_V0.5_L1.521_F1.99_fla27",111.5442,28.659,23.7925666666667,11.4716666666667,10.7637333333333,0.708,859.319566666667,31.3580333333333,111.350666666667
"324",15,0.5,2.916,0.01,27,666,"H15_V0.5_L2.916_F0.01_fla27",51.6413666666667,16.2948333333333,29.7528333333333,8.30413333333333,7.59623333333333,0.708,470.293333333333,43.1698666666667,60.3416
"325",15,0.5,2.916,0.15,27,666,"H15_V0.5_L2.916_F0.15_fla27",56.4473333333333,17.3245333333333,29.0965666666667,8.71473333333333,8.00683333333333,0.708,482.3444,45.2705333333333,65.2183333333333
"326",15,0.5,2.916,0.25,27,666,"H15_V0.5_L2.916_F0.25_fla27",58.6865333333333,17.7824666666667,28.9152666666667,8.90483333333333,8.1969,0.708,481.1581,46.2335666666667,67.8417666666667
"327",15,0.5,2.916,0.4,27,666,"H15_V0.5_L2.916_F0.4_fla27",59.7095,18.0342,28.1627333333333,8.97243333333333,8.26446666666667,0.708,479.862633333333,46.5620333333333,68.6978333333333
"328",15,0.5,2.916,0.5,27,666,"H15_V0.5_L2.916_F0.5_fla27",60.1638333333333,18.1418,28.0955333333333,8.9807,8.2727,0.708,484.540133333333,46.6135666666667,69.0097
"329",15,0.5,2.916,0.65,27,666,"H15_V0.5_L2.916_F0.65_fla27",62.3651333333333,18.6069333333333,27.5519666666667,9.1031,8.3951,0.708,497.1926,47.2513333333333,70.7564666666667
"330",15,0.5,2.916,0.75,27,666,"H15_V0.5_L2.916_F0.75_fla27",64.9442666666667,19.1501666666667,27.3224333333333,9.26073333333333,8.55276666666667,0.708,509.432366666667,48.0740333333333,73.1864
"331",15,0.5,2.916,0.85,27,666,"H15_V0.5_L2.916_F0.85_fla27",68.3994666666667,19.9156666666667,26.9372,9.4591,8.75113333333333,0.708,525.185466666667,49.1294,76.4726
"332",15,0.5,2.916,0.95,27,666,"H15_V0.5_L2.916_F0.95_fla27",73.1196666666667,20.9325333333333,26.3843666666667,9.71956666666667,9.01156666666667,0.708,544.832266666667,50.54,80.9889333333333
"333",15,0.5,2.916,1,27,666,"H15_V0.5_L2.916_F1_fla27",75.9348,21.5144333333333,26.0813666666667,9.87413333333333,9.16613333333333,0.708,554.023933333333,51.3806,83.7784
"334",15,0.5,2.916,1.05,27,666,"H15_V0.5_L2.916_F1.05_fla27",78.907,22.1224666666667,25.7617333333333,10.0355666666667,9.32766666666667,0.708,561.741533333333,52.2620666666667,86.8034
"335",15,0.5,2.916,1.15,27,666,"H15_V0.5_L2.916_F1.15_fla27",84.8711,23.2931,24.7522,10.3509666666667,9.64303333333333,0.708,575.8561,53.9873666666667,92.6295333333333
"336",15,0.5,2.916,1.25,27,666,"H15_V0.5_L2.916_F1.25_fla27",90.3944666666667,24.4850333333333,24.8110666666667,10.6273333333333,9.91936666666667,0.708,588.705466666667,55.5382333333333,98.8269
"337",15,0.5,2.916,1.35,27,666,"H15_V0.5_L2.916_F1.35_fla27",95.2199,25.4987333333333,24.5012666666667,10.8485,10.1405333333333,0.708,599.4097,56.7872666666667,103.995066666667
"338",15,0.5,2.916,1.5,27,666,"H15_V0.5_L2.916_F1.5_fla27",101.768033333333,26.8580333333333,24.0513333333333,11.1204666666667,10.4125333333333,0.708,612.005566666667,58.3432,111.052633333333
"339",15,0.5,2.916,1.6,27,666,"H15_V0.5_L2.916_F1.6_fla27",104.870766666667,27.5095,23.8114666666667,11.2414,10.5335,0.708,616.3173,59.0408,114.463966666667
"340",15,0.5,2.916,1.75,27,666,"H15_V0.5_L2.916_F1.75_fla27",107.996666666667,28.1625,23.6091,11.3525,10.6445333333333,0.708,621.612,59.6949,117.879933333333
"341",15,0.5,2.916,1.85,27,666,"H15_V0.5_L2.916_F1.85_fla27",109.518033333333,28.4789666666667,23.5293,11.4042333333333,10.6962666666667,0.708,623.365033333333,60.0035333333333,119.5897
"342",15,0.5,2.916,1.99,27,666,"H15_V0.5_L2.916_F1.99_fla27",110.8632,28.7455333333333,23.4253,11.4504666666667,10.7425333333333,0.708,624.6126,60.2783333333333,121.074633333333
"343",15,0.5,4.556,0.01,27,1013,"H15_V0.5_L4.556_F0.01_fla27",31.9242666666667,12.2501666666667,31.4421333333333,6.22603333333333,5.51806666666667,0.708,462.972433333333,37.7028666666667,38.0871333333333
"344",15,0.5,4.556,0.15,27,1013,"H15_V0.5_L4.556_F0.15_fla27",36.8426,13.3318666666667,30.8088,6.7896,6.08166666666667,0.708,495.315866666667,40.9949666666667,42.2353333333333
"345",15,0.5,4.556,0.25,27,1013,"H15_V0.5_L4.556_F0.25_fla27",40.1326333333333,14.1757,29.2774333333333,7.1514,6.44343333333333,0.708,510.9291,43.0899333333333,44.7128666666667
"346",15,0.5,4.556,0.4,27,1013,"H15_V0.5_L4.556_F0.4_fla27",45.0128333333333,15.1716666666667,29.5268,7.63416666666667,6.92616666666667,0.708,537.2822,45.9171,49.5638
"347",15,0.5,4.556,0.5,27,1013,"H15_V0.5_L4.556_F0.5_fla27",49.1776333333333,16.0833333333333,29.0426333333333,7.99653333333333,7.28856666666667,0.708,564.1167,48.0404666666667,53.1431666666667
"348",15,0.5,4.556,0.65,27,1013,"H15_V0.5_L4.556_F0.65_fla27",56.3954333333333,17.6867,27.2480333333333,8.60996666666667,7.90203333333333,0.708,600.0342,51.6527666666667,59.2194666666667
"349",15,0.5,4.556,0.75,27,1013,"H15_V0.5_L4.556_F0.75_fla27",60.924,18.6574666666667,27.1944333333333,8.9815,8.2735,0.708,615.1766,53.8827333333333,64.0143333333333
"350",15,0.5,4.556,0.85,27,1013,"H15_V0.5_L4.556_F0.85_fla27",64.8579333333333,19.5615666666667,26.8093333333333,9.2781,8.5702,0.708,630.833133333333,55.6792666666667,67.9354
"351",15,0.5,4.556,0.95,27,1013,"H15_V0.5_L4.556_F0.95_fla27",68.5379666666667,20.4040666666667,26.4907,9.52186666666667,8.8139,0.708,647.697066666667,57.1965,71.5297
"352",15,0.5,4.556,1,27,1013,"H15_V0.5_L4.556_F1_fla27",70.2350666666667,20.7904,26.3552,9.63086666666667,8.9229,0.708,654.048166666667,57.8808,73.2559666666667
"353",15,0.5,4.556,1.05,27,1013,"H15_V0.5_L4.556_F1.05_fla27",71.9405,21.1772,26.1218333333333,9.73693333333333,9.02893333333333,0.708,658.7717,58.5471666666667,74.9974666666667
"354",15,0.5,4.556,1.15,27,1013,"H15_V0.5_L4.556_F1.15_fla27",75.1824666666667,21.9056666666667,25.8534,9.91683333333333,9.20886666666667,0.708,673.434766666667,59.7013333333333,78.1619
"355",15,0.5,4.556,1.25,27,1013,"H15_V0.5_L4.556_F1.25_fla27",78.9729666666667,22.7366,25.3134666666667,10.0997,9.3917,0.708,693.156766666667,60.8833,81.5687
"356",15,0.5,4.556,1.35,27,1013,"H15_V0.5_L4.556_F1.35_fla27",83.7183,23.7473,24.742,10.3291666666667,9.6212,0.708,714.453033333333,62.3611666666667,86.0097
"357",15,0.5,4.556,1.5,27,1013,"H15_V0.5_L4.556_F1.5_fla27",92.0673333333333,25.5301666666667,23.8644,10.7185666666667,10.0105666666667,0.708,745.3047,64.8937666666667,94.2112333333333
"358",15,0.5,4.556,1.6,27,1013,"H15_V0.5_L4.556_F1.6_fla27",97.0025666666667,26.5828333333333,23.3266,10.9361666666667,10.2282666666667,0.708,758.958366666667,66.3302333333333,99.2516
"359",15,0.5,4.556,1.75,27,1013,"H15_V0.5_L4.556_F1.75_fla27",102.280566666667,27.7255333333333,22.8047,11.1489333333333,10.441,0.708,773.390666666667,67.7658,104.708666666667
"360",15,0.5,4.556,1.85,27,1013,"H15_V0.5_L4.556_F1.85_fla27",104.547133333333,28.2133,22.5573666666667,11.2317333333333,10.5238,0.708,780.6311,68.3369666666667,106.986466666667
"361",15,0.5,4.556,1.99,27,1013,"H15_V0.5_L4.556_F1.99_fla27",107.024966666667,28.7466333333333,22.4427,11.3214,10.6134333333333,0.708,787.630866666667,68.9682333333333,109.620133333333
"362",15,0.5,5.402,0.01,27,1201,"H15_V0.5_L5.402_F0.01_fla27",27.6760666666667,11.3297666666667,32.0755,5.6581,4.95016666666667,0.708,442.547566666667,34.1944666666667,34.2687666666667
"363",15,0.5,5.402,0.15,27,1201,"H15_V0.5_L5.402_F0.15_fla27",32.4886333333333,12.4830666666667,31.1123333333333,6.2654,5.55746666666667,0.708,477.081233333333,37.7447,38.0911666666667
"364",15,0.5,5.402,0.25,27,1201,"H15_V0.5_L5.402_F0.25_fla27",36.5124,13.3760666666667,30.3971666666667,6.7297,6.02173333333333,0.708,504.959233333333,40.4897,41.3018
"365",15,0.5,5.402,0.4,27,1201,"H15_V0.5_L5.402_F0.4_fla27",43.2781666666667,14.9284333333333,29.0419,7.456,6.74803333333333,0.708,544.805333333333,44.7973333333333,46.9844
"366",15,0.5,5.402,0.5,27,1201,"H15_V0.5_L5.402_F0.5_fla27",47.1595,15.7706,28.9422666666667,7.84696666666667,7.13896666666667,0.708,564.0926,47.1304,50.7920666666667
"367",15,0.5,5.402,0.65,27,1201,"H15_V0.5_L5.402_F0.65_fla27",53.5998333333333,17.2332,27.7897666666667,8.4209,7.71296666666667,0.708,601.047166666667,50.5355333333333,56.3335666666667
"368",15,0.5,5.402,0.75,27,1201,"H15_V0.5_L5.402_F0.75_fla27",58.7338333333333,18.3425333333333,27.3712666666667,8.82343333333333,8.11546666666667,0.708,626.119933333333,52.9443,61.1988
"369",15,0.5,5.402,0.85,27,1201,"H15_V0.5_L5.402_F0.85_fla27",64.19,19.5413333333333,26.6522333333333,9.2213,8.5133,0.708,648.2132,55.3446666666667,66.4193
"370",15,0.5,5.402,0.95,27,1201,"H15_V0.5_L5.402_F0.95_fla27",69.3926666666667,20.6734666666667,26.1808333333333,9.5573,8.8493,0.708,667.5532,57.4155333333333,71.6026666666667
"371",15,0.5,5.402,1,27,1201,"H15_V0.5_L5.402_F1_fla27",71.7649,21.1873,25.8432666666667,9.69773333333333,8.98983333333333,0.708,676.293133333333,58.2922666666667,73.8863666666667
"372",15,0.5,5.402,1.05,27,1201,"H15_V0.5_L5.402_F1.05_fla27",74.2625,21.7413333333333,25.5574666666667,9.83773333333333,9.12976666666667,0.708,686.220966666667,59.1779333333333,76.3223
"373",15,0.5,5.402,1.15,27,1201,"H15_V0.5_L5.402_F1.15_fla27",78.9578333333333,22.7621666666667,25.1059666666667,10.0805333333333,9.37263333333333,0.708,706.859166666667,60.7420666666667,80.8428333333333
"374",15,0.5,5.402,1.25,27,1201,"H15_V0.5_L5.402_F1.25_fla27",83.9843666666667,23.8298333333333,24.5628666666667,10.3225666666667,9.6146,0.708,729.097166666667,62.3175666666667,85.6003333333333
"375",15,0.5,5.402,1.35,27,1201,"H15_V0.5_L5.402_F1.35_fla27",89.5640333333333,25.0165,23.9300666666667,10.5837,9.87576666666667,0.708,751.3927,64.0292333333333,90.9694333333333
"376",15,0.5,5.402,1.5,27,1201,"H15_V0.5_L5.402_F1.5_fla27",98.0535,26.7890333333333,23.1389333333333,10.9618333333333,10.2539333333333,0.708,778.560866666667,66.5300333333333,99.5090333333333
"377",15,0.5,5.402,1.6,27,1201,"H15_V0.5_L5.402_F1.6_fla27",102.495133333333,27.7120333333333,22.7579666666667,11.1506,10.4426666666667,0.708,787.014466666667,67.7868,104.249
"378",15,0.5,5.402,1.75,27,1201,"H15_V0.5_L5.402_F1.75_fla27",106.0291,28.4495666666667,22.5525666666667,11.2855,10.5775333333333,0.708,791.775533333333,68.7070333333333,108.1782
"379",15,0.5,5.402,1.85,27,1201,"H15_V0.5_L5.402_F1.85_fla27",107.294966666667,28.715,22.4672,11.3265,10.6185333333333,0.708,795.510166666667,68.9988,109.4902
"380",15,0.5,5.402,1.99,27,1201,"H15_V0.5_L5.402_F1.99_fla27",109.005366666667,29.0717333333333,22.3597333333333,11.384,10.6760666666667,0.708,801.175766666667,69.4083333333333,111.237333333333
