H,V,L,F,fla,Tree,name,absPAR,absNIR,absTherm,totPs,netPs,totRf,totLE1,totLE2,totH
15,0,0.44,0.01,0.1,105,H15_V0_L0.44_F0.01_fla0.1,0.3943,0.0965,0.0837,0.042,0.0393,0.0026,4.6926,0.0331,0.3117
15,0,0.44,0.15,0.1,105,H15_V0_L0.44_F0.15_fla0.1,0.4365,0.1046,0.0801,0.0432,0.0406,0.0026,4.8823,0.0341,0.3511
15,0,0.44,0.25,0.1,105,H15_V0_L0.44_F0.25_fla0.1,0.4619,0.1091,0.0709,0.0439,0.0413,0.0026,4.9523,0.0346,0.3718
15,0,0.44,0.4,0.1,105,H15_V0_L0.44_F0.4_fla0.1,0.487,0.1137,0.0721,0.0446,0.0419,0.0026,5.0381,0.0351,0.3983
15,0,0.44,0.5,0.1,105,H15_V0_L0.44_F0.5_fla0.1,0.4927,0.1148,0.0721,0.0447,0.0421,0.0026,5.0558,0.0352,0.4043
15,0,0.44,0.65,0.1,105,H15_V0_L0.44_F0.65_fla0.1,0.5048,0.1173,0.0721,0.045,0.0423,0.0026,5.1132,0.0354,0.4162
15,0,0.44,0.75,0.1,105,H15_V0_L0.44_F0.75_fla0.1,0.5171,0.1198,0.0721,0.0453,0.0426,0.0026,5.1709,0.0356,0.4285
15,0,0.44,0.85,0.1,105,H15_V0_L0.44_F0.85_fla0.1,0.5294,0.1224,0.0721,0.0455,0.0429,0.0026,5.2295,0.0358,0.4407
15,0,0.44,0.95,0.1,105,H15_V0_L0.44_F0.95_fla0.1,0.5428,0.1251,0.0721,0.0458,0.0432,0.0026,5.2899,0.036,0.4542
15,0,0.44,1,0.1,105,H15_V0_L0.44_F1_fla0.1,0.5488,0.1264,0.0721,0.046,0.0433,0.0026,5.3132,0.0361,0.4605
15,0,0.44,1.05,0.1,105,H15_V0_L0.44_F1.05_fla0.1,0.554,0.1275,0.0721,0.0461,0.0434,0.0026,5.3312,0.0362,0.4659
15,0,0.44,1.15,0.1,105,H15_V0_L0.44_F1.15_fla0.1,0.5602,0.1287,0.0721,0.0462,0.0436,0.0026,5.349,0.0363,0.4725
15,0,0.44,1.25,0.1,105,H15_V0_L0.44_F1.25_fla0.1,0.5612,0.1263,0.0579,0.0462,0.0436,0.0026,5.3079,0.0363,0.4632
15,0,0.44,1.35,0.1,105,H15_V0_L0.44_F1.35_fla0.1,0.5612,0.1263,0.0579,0.0462,0.0436,0.0026,5.311,0.0363,0.463
15,0,0.44,1.5,0.1,105,H15_V0_L0.44_F1.5_fla0.1,0.5612,0.1263,0.0579,0.0462,0.0436,0.0026,5.3178,0.0363,0.4627
15,0,0.44,1.6,0.1,105,H15_V0_L0.44_F1.6_fla0.1,0.5612,0.1263,0.0579,0.0462,0.0436,0.0026,5.3203,0.0363,0.4626
15,0,0.44,1.75,0.1,105,H15_V0_L0.44_F1.75_fla0.1,0.5612,0.1263,0.0579,0.0462,0.0436,0.0026,5.3216,0.0363,0.4626
15,0,0.44,1.85,0.1,105,H15_V0_L0.44_F1.85_fla0.1,0.5584,0.1302,0.0702,0.0462,0.0435,0.0026,5.3575,0.0363,0.4712
15,0,0.44,1.99,0.1,105,H15_V0_L0.44_F1.99_fla0.1,0.5584,0.1302,0.0702,0.0462,0.0435,0.0026,5.3624,0.0363,0.471
15,0,1.521,0.01,0.1,351,H15_V0_L1.521_F0.01_fla0.1,0.3084,0.0806,0.0924,0.0383,0.0357,0.0026,2.72,0.1045,0.304
15,0,1.521,0.15,0.1,351,H15_V0_L1.521_F0.15_fla0.1,0.3161,0.0818,0.0929,0.0386,0.036,0.0026,2.7314,0.1053,0.3126
15,0,1.521,0.25,0.1,351,H15_V0_L1.521_F0.25_fla0.1,0.3233,0.0833,0.0929,0.039,0.0364,0.0026,2.7491,0.1062,0.3206
15,0,1.521,0.4,0.1,351,H15_V0_L1.521_F0.4_fla0.1,0.3295,0.0845,0.0929,0.0393,0.0367,0.0026,2.7714,0.107,0.327
15,0,1.521,0.5,0.1,351,H15_V0_L1.521_F0.5_fla0.1,0.3381,0.0863,0.0929,0.0397,0.037,0.0026,2.8249,0.108,0.335
15,0,1.521,0.65,0.1,351,H15_V0_L1.521_F0.65_fla0.1,0.3619,0.0912,0.0929,0.0406,0.0379,0.0026,2.9222,0.1104,0.3593
15,0,1.521,0.75,0.1,351,H15_V0_L1.521_F0.75_fla0.1,0.3879,0.0961,0.0901,0.0415,0.0389,0.0026,3.0152,0.1129,0.3842
15,0,1.521,0.85,0.1,351,H15_V0_L1.521_F0.85_fla0.1,0.4223,0.1021,0.0739,0.0426,0.04,0.0026,3.1261,0.1158,0.4088
15,0,1.521,0.95,0.1,351,H15_V0_L1.521_F0.95_fla0.1,0.4707,0.1117,0.0761,0.044,0.0414,0.0026,3.2671,0.1195,0.4618
15,0,1.521,1,0.1,351,H15_V0_L1.521_F1_fla0.1,0.49370000000000003,0.1161,0.0771,0.0446,0.042,0.0026,3.316,0.1211,0.4877
15,0,1.521,1.05,0.1,351,H15_V0_L1.521_F1.05_fla0.1,0.5159,0.1206,0.0777,0.0452,0.0425,0.0026,3.3497,0.1226,0.5131
15,0,1.521,1.15,0.1,351,H15_V0_L1.521_F1.15_fla0.1,0.547,0.127,0.0777,0.0459,0.0433,0.0026,3.3804,0.1245,0.5493
15,0,1.521,1.25,0.1,351,H15_V0_L1.521_F1.25_fla0.1,0.5562,0.1312,0.075,0.0461,0.0435,0.0026,3.3883,0.1251,0.5615
15,0,1.521,1.35,0.1,351,H15_V0_L1.521_F1.35_fla0.1,0.5578,0.1317,0.0748,0.0461,0.0435,0.0026,3.4036,0.1252,0.5628
15,0,1.521,1.5,0.1,351,H15_V0_L1.521_F1.5_fla0.1,0.5578,0.1317,0.0748,0.0461,0.0435,0.0026,3.4208,0.1252,0.562
15,0,1.521,1.6,0.1,351,H15_V0_L1.521_F1.6_fla0.1,0.5578,0.1317,0.0748,0.0461,0.0435,0.0026,3.4258,0.1252,0.5618
15,0,1.521,1.75,0.1,351,H15_V0_L1.521_F1.75_fla0.1,0.5578,0.1317,0.0748,0.0461,0.0435,0.0026,3.4275,0.1252,0.5617
15,0,1.521,1.85,0.1,351,H15_V0_L1.521_F1.85_fla0.1,0.5578,0.1317,0.0748,0.0461,0.0435,0.0026,3.4277,0.1252,0.5617
15,0,1.521,1.99,0.1,351,H15_V0_L1.521_F1.99_fla0.1,0.5578,0.1317,0.0748,0.0461,0.0435,0.0026,3.4354,0.1252,0.5614
15,0,2.916,0.01,0.1,666,H15_V0_L2.916_F0.01_fla0.1,0.2232,0.0642,0.1045,0.0332,0.0306,0.0026,1.6821,0.1743,0.2571
15,0,2.916,0.15,0.1,666,H15_V0_L2.916_F0.15_fla0.1,0.225,0.0651,0.1037,0.0334,0.0308,0.0026,1.6908,0.175,0.259
15,0,2.916,0.25,0.1,666,H15_V0_L2.916_F0.25_fla0.1,0.227,0.0655,0.1037,0.0335,0.0309,0.0026,1.6996,0.1758,0.261
15,0,2.916,0.4,0.1,666,H15_V0_L2.916_F0.4_fla0.1,0.2315,0.066,0.1044,0.0338,0.0312,0.0026,1.7072,0.1773,0.2659
15,0,2.916,0.5,0.1,666,H15_V0_L2.916_F0.5_fla0.1,0.2326,0.0661,0.1045,0.0339,0.0313,0.0026,1.7215,0.1777,0.2666
15,0,2.916,0.65,0.1,666,H15_V0_L2.916_F0.65_fla0.1,0.2492,0.0693,0.1031,0.0349,0.0323,0.0026,1.8166,0.1827,0.2811
15,0,2.916,0.75,0.1,666,H15_V0_L2.916_F0.75_fla0.1,0.2761,0.0744,0.0997,0.0363,0.0337,0.0026,1.938,0.1901,0.3053
15,0,2.916,0.85,0.1,666,H15_V0_L2.916_F0.85_fla0.1,0.3206,0.0832,0.0883,0.0384,0.0358,0.0026,2.0943,0.2009,0.3441
15,0,2.916,0.95,0.1,666,H15_V0_L2.916_F0.95_fla0.1,0.3896,0.0968,0.0855,0.0412,0.0386,0.0026,2.2634,0.215,0.4172
15,0,2.916,1,0.1,666,H15_V0_L2.916_F1_fla0.1,0.4261,0.1045,0.0835,0.0425,0.0398,0.0026,2.3299,0.2214,0.4574
15,0,2.916,1.05,0.1,666,H15_V0_L2.916_F1.05_fla0.1,0.4653,0.1126,0.0795,0.0437,0.0411,0.0026,2.3801,0.2276,0.4998
15,0,2.916,1.15,0.1,666,H15_V0_L2.916_F1.15_fla0.1,0.523,0.1245,0.076,0.0453,0.0427,0.0026,2.4179,0.2358,0.5655
15,0,2.916,1.25,0.1,666,H15_V0_L2.916_F1.25_fla0.1,0.5504,0.1314,0.0733,0.046,0.0434,0.0026,2.4364,0.2392,0.5976
15,0,2.916,1.35,0.1,666,H15_V0_L2.916_F1.35_fla0.1,0.5557,0.1329,0.0728,0.0461,0.0435,0.0026,2.4506,0.2398,0.6036
15,0,2.916,1.5,0.1,666,H15_V0_L2.916_F1.5_fla0.1,0.5553,0.1331,0.0724,0.0461,0.0435,0.0026,2.4598,0.2397,0.6028
15,0,2.916,1.6,0.1,666,H15_V0_L2.916_F1.6_fla0.1,0.5553,0.1331,0.0724,0.0461,0.0435,0.0026,2.4664,0.2397,0.6025
15,0,2.916,1.75,0.1,666,H15_V0_L2.916_F1.75_fla0.1,0.5553,0.1331,0.0724,0.0461,0.0435,0.0026,2.4709,0.2397,0.6023
15,0,2.916,1.85,0.1,666,H15_V0_L2.916_F1.85_fla0.1,0.5553,0.1331,0.0724,0.0461,0.0435,0.0026,2.472,0.2397,0.6023
15,0,2.916,1.99,0.1,666,H15_V0_L2.916_F1.99_fla0.1,0.5553,0.1331,0.0724,0.0461,0.0435,0.0026,2.4697,0.2397,0.6024
15,0,4.556,0.01,0.1,1013,H15_V0_L4.556_F0.01_fla0.1,0.1284,0.0455,0.1197,0.0244,0.0218,0.0026,1.6781,0.1498,0.154
15,0,4.556,0.15,0.1,1013,H15_V0_L4.556_F0.15_fla0.1,0.1422,0.0498,0.1025,0.0259,0.0233,0.0026,1.7665,0.1587,0.1576
15,0,4.556,0.25,0.1,1013,H15_V0_L4.556_F0.25_fla0.1,0.156,0.0518,0.1123,0.0274,0.0248,0.0026,1.8346,0.1674,0.1763
15,0,4.556,0.4,0.1,1013,H15_V0_L4.556_F0.4_fla0.1,0.172,0.0553,0.1118,0.029,0.0263,0.0026,1.9013,0.1766,0.1927
15,0,4.556,0.5,0.1,1013,H15_V0_L4.556_F0.5_fla0.1,0.1825,0.058,0.109,0.0299,0.0273,0.0026,1.9668,0.1821,0.2012
15,0,4.556,0.65,0.1,1013,H15_V0_L4.556_F0.65_fla0.1,0.2066,0.0635,0.0972,0.0318,0.0292,0.0026,2.1103,0.1933,0.217
15,0,4.556,0.75,0.1,1013,H15_V0_L4.556_F0.75_fla0.1,0.2367,0.0693,0.0968,0.0339,0.0312,0.0026,2.2794,0.2055,0.2448
15,0,4.556,0.85,0.1,1013,H15_V0_L4.556_F0.85_fla0.1,0.283,0.0787,0.0931,0.0365,0.0338,0.0026,2.5029,0.2209,0.2881
15,0,4.556,0.95,0.1,1013,H15_V0_L4.556_F0.95_fla0.1,0.355,0.0932,0.0852,0.0397,0.0371,0.0026,2.7797,0.24,0.357
15,0,4.556,1,0.1,1013,H15_V0_L4.556_F1_fla0.1,0.3968,0.1015,0.0808,0.0413,0.0387,0.0026,2.8937,0.2494,0.3992
15,0,4.556,1.05,0.1,1013,H15_V0_L4.556_F1.05_fla0.1,0.4397,0.1107,0.0782,0.0428,0.0402,0.0026,2.9847,0.2583,0.4457
15,0,4.556,1.15,0.1,1013,H15_V0_L4.556_F1.15_fla0.1,0.5095,0.1248,0.072,0.045,0.0423,0.0026,3.0529,0.2708,0.5225
15,0,4.556,1.25,0.1,1013,H15_V0_L4.556_F1.25_fla0.1,0.5454,0.1327,0.07,0.0459,0.0433,0.0026,3.0773,0.2763,0.5641
15,0,4.556,1.35,0.1,1013,H15_V0_L4.556_F1.35_fla0.1,0.553,0.1347,0.0694,0.0461,0.0434,0.0026,3.0996,0.2772,0.5724
15,0,4.556,1.5,0.1,1013,H15_V0_L4.556_F1.5_fla0.1,0.5527,0.135,0.0688,0.0461,0.0434,0.0026,3.1307,0.2772,0.5707
15,0,4.556,1.6,0.1,1013,H15_V0_L4.556_F1.6_fla0.1,0.5521,0.1355,0.0678,0.046,0.0434,0.0026,3.1468,0.2772,0.5696
15,0,4.556,1.75,0.1,1013,H15_V0_L4.556_F1.75_fla0.1,0.5519,0.1357,0.0675,0.046,0.0434,0.0026,3.1637,0.2771,0.5687
15,0,4.556,1.85,0.1,1013,H15_V0_L4.556_F1.85_fla0.1,0.5519,0.1357,0.0674,0.046,0.0434,0.0026,3.1682,0.2771,0.5685
15,0,4.556,1.99,0.1,1013,H15_V0_L4.556_F1.99_fla0.1,0.5519,0.1357,0.0674,0.046,0.0434,0.0026,3.1704,0.2771,0.5684
15,0,5.402,0.01,0.1,1201,H15_V0_L5.402_F0.01_fla0.1,0.1187,0.0438,0.12,0.0233,0.0207,0.0026,1.6586,0.1423,0.144
15,0,5.402,0.15,0.1,1201,H15_V0_L5.402_F0.15_fla0.1,0.1346,0.0468,0.1194,0.0251,0.0225,0.0026,1.7509,0.1532,0.1582
15,0,5.402,0.25,0.1,1201,H15_V0_L5.402_F0.25_fla0.1,0.1448,0.0515,0.1043,0.0262,0.0236,0.0026,1.8074,0.1597,0.1617
15,0,5.402,0.4,0.1,1201,H15_V0_L5.402_F0.4_fla0.1,0.1652,0.0547,0.11,0.0283,0.0257,0.0026,1.9241,0.1722,0.1833
15,0,5.402,0.5,0.1,1201,H15_V0_L5.402_F0.5_fla0.1,0.1771,0.0572,0.1089,0.0294,0.0268,0.0026,1.9916,0.179,0.1941
15,0,5.402,0.65,0.1,1201,H15_V0_L5.402_F0.65_fla0.1,0.2042,0.0631,0.1039,0.0316,0.029,0.0026,2.1542,0.1922,0.2166
15,0,5.402,0.75,0.1,1201,H15_V0_L5.402_F0.75_fla0.1,0.2346,0.0696,0.0953,0.0337,0.0311,0.0026,2.3309,0.2046,0.2401
15,0,5.402,0.85,0.1,1201,H15_V0_L5.402_F0.85_fla0.1,0.2818,0.0791,0.092,0.0364,0.0338,0.0026,2.5583,0.2204,0.2844
15,0,5.402,0.95,0.1,1201,H15_V0_L5.402_F0.95_fla0.1,0.3541,0.0937,0.0842,0.0397,0.0371,0.0026,2.837,0.2399,0.3538
15,0,5.402,1,0.1,1201,H15_V0_L5.402_F1_fla0.1,0.3957,0.102,0.0797,0.0413,0.0386,0.0026,2.9545,0.2492,0.3954
15,0,5.402,1.05,0.1,1201,H15_V0_L5.402_F1.05_fla0.1,0.4388,0.1109,0.0776,0.0428,0.0402,0.0026,3.0544,0.2581,0.4416
15,0,5.402,1.15,0.1,1201,H15_V0_L5.402_F1.15_fla0.1,0.5088,0.1253,0.0711,0.0449,0.0423,0.0026,3.1319,0.2707,0.5184
15,0,5.402,1.25,0.1,1201,H15_V0_L5.402_F1.25_fla0.1,0.5449,0.1332,0.0691,0.0459,0.0433,0.0026,3.1614,0.2762,0.5599
15,0,5.402,1.35,0.1,1201,H15_V0_L5.402_F1.35_fla0.1,0.5524,0.1353,0.0683,0.0461,0.0434,0.0026,3.1827,0.2772,0.5682
15,0,5.402,1.5,0.1,1201,H15_V0_L5.402_F1.5_fla0.1,0.552,0.1356,0.0676,0.046,0.0434,0.0026,3.2009,0.2771,0.5671
15,0,5.402,1.6,0.1,1201,H15_V0_L5.402_F1.6_fla0.1,0.5519,0.1357,0.0675,0.046,0.0434,0.0026,3.2021,0.2771,0.567
15,0,5.402,1.75,0.1,1201,H15_V0_L5.402_F1.75_fla0.1,0.5519,0.1357,0.0675,0.046,0.0434,0.0026,3.1996000000000002,0.2771,0.5671
15,0,5.402,1.85,0.1,1201,H15_V0_L5.402_F1.85_fla0.1,0.5519,0.1357,0.0675,0.046,0.0434,0.0026,3.2006,0.2771,0.567
15,0,5.402,1.99,0.1,1201,H15_V0_L5.402_F1.99_fla0.1,0.5519,0.1357,0.0675,0.046,0.0434,0.0026,3.2011,0.2771,0.567
15,0.1,0.44,0.01,0.1,105,H15_V0.1_L0.44_F0.01_fla0.1,0.3941,0.09556666666666666,0.07453333333333334,0.041966666666666666,0.03933333333333333,0.0026,4.659066666666667,0.0331,0.30593333333333333
15,0.1,0.44,0.15,0.1,105,H15_V0.1_L0.44_F0.15_fla0.1,0.4334,0.10396666666666667,0.0764,0.043166666666666666,0.04053333333333333,0.0026,4.8557999999999995,0.03403333333333333,0.3461666666666667
15,0.1,0.44,0.25,0.1,105,H15_V0.1_L0.44_F0.25_fla0.1,0.4628666666666667,0.10930000000000001,0.06976666666666667,0.04396666666666667,0.04136666666666667,0.0026,4.956833333333333,0.034633333333333335,0.3720333333333333
15,0.1,0.44,0.4,0.1,105,H15_V0.1_L0.44_F0.4_fla0.1,0.49143333333333333,0.1147,0.0716,0.04466666666666667,0.04206666666666667,0.0026,5.0554,0.035133333333333336,0.4026
15,0.1,0.44,0.5,0.1,105,H15_V0.1_L0.44_F0.5_fla0.1,0.49866666666666665,0.11606666666666667,0.07206666666666667,0.044833333333333336,0.0422,0.0026,5.0751333333333335,0.0353,0.4106
15,0.1,0.44,0.65,0.1,105,H15_V0.1_L0.44_F0.65_fla0.1,0.5056,0.11746666666666666,0.0721,0.045,0.0424,0.0026,5.113666666666667,0.0354,0.4172
15,0.1,0.44,0.75,0.1,105,H15_V0.1_L0.44_F0.75_fla0.1,0.5145333333333333,0.11933333333333333,0.0721,0.04516666666666667,0.04256666666666667,0.0026,5.160266666666667,0.03556666666666666,0.4259
15,0.1,0.44,0.85,0.1,105,H15_V0.1_L0.44_F0.85_fla0.1,0.5270666666666667,0.1219,0.0721,0.04546666666666667,0.042866666666666664,0.0026,5.2198,0.03576666666666667,0.4384
15,0.1,0.44,0.95,0.1,105,H15_V0.1_L0.44_F0.95_fla0.1,0.5402333333333333,0.1246,0.0721,0.045766666666666664,0.043133333333333336,0.0026,5.2771,0.036,0.4517333333333333
15,0.1,0.44,1,0.1,105,H15_V0.1_L0.44_F1_fla0.1,0.5452333333333333,0.12566666666666668,0.0721,0.04586666666666667,0.04326666666666667,0.0026,5.2979666666666665,0.036066666666666664,0.4569
15,0.1,0.44,1.05,0.1,105,H15_V0.1_L0.44_F1.05_fla0.1,0.5502666666666667,0.12666666666666665,0.0721,0.04596666666666667,0.043366666666666664,0.0026,5.3165000000000004,0.036166666666666666,0.46203333333333335
15,0.1,0.44,1.15,0.1,105,H15_V0.1_L0.44_F1.15_fla0.1,0.5568666666666666,0.12783333333333333,0.07093333333333333,0.0461,0.04346666666666667,0.0026,5.3361,0.03626666666666667,0.4680666666666667
15,0.1,0.44,1.25,0.1,105,H15_V0.1_L0.44_F1.25_fla0.1,0.5595666666666667,0.126,0.0579,0.04616666666666667,0.04356666666666666,0.0026,5.3046,0.0363,0.46136666666666665
15,0.1,0.44,1.35,0.1,105,H15_V0.1_L0.44_F1.35_fla0.1,0.5609333333333334,0.12626666666666667,0.0579,0.0462,0.0436,0.0026,5.310033333333333,0.0363,0.46276666666666666
15,0.1,0.44,1.5,0.1,105,H15_V0.1_L0.44_F1.5_fla0.1,0.5612,0.1263,0.0579,0.0462,0.0436,0.0026,5.315666666666667,0.0363,0.4628333333333333
15,0.1,0.44,1.6,0.1,105,H15_V0.1_L0.44_F1.6_fla0.1,0.5612,0.1263,0.0579,0.0462,0.0436,0.0026,5.3192,0.0363,0.46266666666666667
15,0.1,0.44,1.75,0.1,105,H15_V0.1_L0.44_F1.75_fla0.1,0.5602666666666667,0.1276,0.062,0.0462,0.04356666666666666,0.0026,5.333433333333333,0.0363,0.4654666666666667
15,0.1,0.44,1.85,0.1,105,H15_V0.1_L0.44_F1.85_fla0.1,0.5584,0.1302,0.0702,0.0462,0.0435,0.0026,5.3571333333333335,0.0363,0.47123333333333334
15,0.1,0.44,1.99,0.1,105,H15_V0.1_L0.44_F1.99_fla0.1,0.5584,0.1302,0.0702,0.0462,0.0435,0.0026,5.359866666666667,0.0363,0.47113333333333335
15,0.1,1.521,0.01,0.1,351,H15_V0.1_L1.521_F0.01_fla0.1,0.3108666666666667,0.0813,0.09206666666666666,0.03846666666666667,0.035833333333333335,0.0026,2.731133333333333,0.10493333333333334,0.3066333333333333
15,0.1,1.521,0.15,0.1,351,H15_V0.1_L1.521_F0.15_fla0.1,0.3226333333333333,0.08343333333333333,0.09253333333333333,0.0389,0.03626666666666667,0.0026,2.7663,0.10603333333333333,0.31906666666666667
15,0.1,1.521,0.25,0.1,351,H15_V0.1_L1.521_F0.25_fla0.1,0.33113333333333334,0.08493333333333333,0.09283333333333334,0.039266666666666665,0.03663333333333333,0.0026,2.7832,0.10693333333333332,0.32846666666666663
15,0.1,1.521,0.4,0.1,351,H15_V0.1_L1.521_F0.4_fla0.1,0.3423,0.0872,0.0929,0.0398,0.03716666666666667,0.0026,2.8137333333333334,0.10836666666666667,0.34056666666666663
15,0.1,1.521,0.5,0.1,351,H15_V0.1_L1.521_F0.5_fla0.1,0.3504333333333333,0.08886666666666666,0.0929,0.04013333333333333,0.037533333333333335,0.0026,2.8518333333333334,0.10933333333333334,0.3486666666666666
15,0.1,1.521,0.65,0.1,351,H15_V0.1_L1.521_F0.65_fla0.1,0.3706666666666667,0.09303333333333333,0.0929,0.040933333333333335,0.0383,0.0026,2.9330666666666665,0.1114,0.3695
15,0.1,1.521,0.75,0.1,351,H15_V0.1_L1.521_F0.75_fla0.1,0.3887,0.0963,0.08446666666666666,0.04156666666666667,0.038933333333333334,0.0026,2.9888666666666666,0.11306666666666666,0.3827333333333333
15,0.1,1.521,0.85,0.1,351,H15_V0.1_L1.521_F0.85_fla0.1,0.41803333333333337,0.10149999999999999,0.07356666666666667,0.04253333333333333,0.0399,0.0026,3.0917,0.11560000000000001,0.40546666666666664
15,0.1,1.521,0.95,0.1,351,H15_V0.1_L1.521_F0.95_fla0.1,0.45740000000000003,0.109,0.07563333333333333,0.043666666666666666,0.04106666666666667,0.0026,3.2179333333333333,0.11866666666666667,0.4478
15,0.1,1.521,1,0.1,351,H15_V0.1_L1.521_F1_fla0.1,0.48,0.11343333333333333,0.077,0.04426666666666667,0.041666666666666664,0.0026,3.2739,0.12023333333333333,0.4731
15,0.1,1.521,1.05,0.1,351,H15_V0.1_L1.521_F1.05_fla0.1,0.5001666666666666,0.11743333333333333,0.07736666666666667,0.044833333333333336,0.042166666666666665,0.0026,3.3143,0.12166666666666667,0.4957
15,0.1,1.521,1.15,0.1,351,H15_V0.1_L1.521_F1.15_fla0.1,0.5338333333333333,0.12426666666666666,0.0777,0.04563333333333333,0.043,0.0026,3.3636333333333335,0.1238,0.5341333333333333
15,0.1,1.521,1.25,0.1,351,H15_V0.1_L1.521_F1.25_fla0.1,0.5483666666666667,0.1296,0.07496666666666667,0.046,0.0433,0.0026,3.380733333333333,0.12466666666666668,0.5523666666666667
15,0.1,1.521,1.35,0.1,351,H15_V0.1_L1.521_F1.35_fla0.1,0.5551666666666667,0.1312,0.0748,0.0461,0.0435,0.0026,3.3987666666666665,0.125,0.5598
15,0.1,1.521,1.5,0.1,351,H15_V0.1_L1.521_F1.5_fla0.1,0.5576333333333333,0.1317,0.0748,0.0461,0.0435,0.0026,3.4162,0.12513333333333332,0.5620333333333334
15,0.1,1.521,1.6,0.1,351,H15_V0.1_L1.521_F1.6_fla0.1,0.5578,0.1317,0.0748,0.0461,0.0435,0.0026,3.423566666666667,0.1252,0.5619333333333334
15,0.1,1.521,1.75,0.1,351,H15_V0.1_L1.521_F1.75_fla0.1,0.5578,0.1317,0.0748,0.0461,0.0435,0.0026,3.4288333333333334,0.1252,0.5617
15,0.1,1.521,1.85,0.1,351,H15_V0.1_L1.521_F1.85_fla0.1,0.5578,0.1317,0.0748,0.0461,0.0435,0.0026,3.4319333333333333,0.1252,0.5615333333333333
15,0.1,1.521,1.99,0.1,351,H15_V0.1_L1.521_F1.99_fla0.1,0.5578,0.1317,0.0748,0.0461,0.0435,0.0026,3.4348,0.1252,0.5614333333333333
15,0.1,2.916,0.01,0.1,666,H15_V0.1_L2.916_F0.01_fla0.1,0.23033333333333333,0.06576666666666667,0.10433333333333333,0.033800000000000004,0.03116666666666667,0.0026,1.7069333333333334,0.177,0.26453333333333334
15,0.1,2.916,0.15,0.1,666,H15_V0.1_L2.916_F0.15_fla0.1,0.23376666666666668,0.06656666666666666,0.1042,0.03403333333333333,0.031433333333333334,0.0026,1.7081666666666666,0.17830000000000001,0.26863333333333334
15,0.1,2.916,0.25,0.1,666,H15_V0.1_L2.916_F0.25_fla0.1,0.23393333333333333,0.06656666666666666,0.10413333333333334,0.03403333333333333,0.031433333333333334,0.0026,1.7111999999999998,0.17833333333333334,0.26863333333333334
15,0.1,2.916,0.4,0.1,666,H15_V0.1_L2.916_F0.4_fla0.1,0.23753333333333335,0.0672,0.1044,0.03426666666666667,0.03163333333333333,0.0026,1.7376333333333334,0.17959999999999998,0.27186666666666665
15,0.1,2.916,0.5,0.1,666,H15_V0.1_L2.916_F0.5_fla0.1,0.24393333333333334,0.0684,0.10456666666666667,0.034633333333333335,0.03203333333333333,0.0026,1.7720666666666667,0.18153333333333332,0.27793333333333337
15,0.1,2.916,0.65,0.1,666,H15_V0.1_L2.916_F0.65_fla0.1,0.26763333333333333,0.07286666666666666,0.10136666666666666,0.03593333333333333,0.03333333333333333,0.0026,1.8714666666666666,0.18813333333333335,0.29946666666666666
15,0.1,2.916,0.75,0.1,666,H15_V0.1_L2.916_F0.75_fla0.1,0.2947,0.07866666666666666,0.09143333333333334,0.037333333333333336,0.0347,0.0026,1.9768000000000001,0.19513333333333335,0.32130000000000003
15,0.1,2.916,0.85,0.1,666,H15_V0.1_L2.916_F0.85_fla0.1,0.3383,0.08696666666666666,0.0891,0.03933333333333333,0.036699999999999997,0.0026,2.1153,0.20533333333333334,0.36533333333333334
15,0.1,2.916,0.95,0.1,666,H15_V0.1_L2.916_F0.95_fla0.1,0.39326666666666665,0.0982,0.08643333333333333,0.041466666666666666,0.03886666666666667,0.0026,2.2407333333333335,0.21633333333333332,0.4241666666666667
15,0.1,2.916,1,0.1,666,H15_V0.1_L2.916_F1_fla0.1,0.42433333333333334,0.10456666666666667,0.0831,0.04256666666666666,0.039900000000000005,0.0026,2.2983333333333333,0.22173333333333334,0.45686666666666664
15,0.1,2.916,1.05,0.1,666,H15_V0.1_L2.916_F1.05_fla0.1,0.4542333333333333,0.11083333333333333,0.08063333333333333,0.04346666666666667,0.04083333333333333,0.0026,2.344666666666667,0.22646666666666668,0.48946666666666666
15,0.1,2.916,1.15,0.1,666,H15_V0.1_L2.916_F1.15_fla0.1,0.5068333333333334,0.1213,0.07586666666666667,0.04493333333333333,0.042333333333333334,0.0026,2.4073666666666664,0.2339,0.5466
15,0.1,2.916,1.25,0.1,666,H15_V0.1_L2.916_F1.25_fla0.1,0.5378333333333334,0.12866666666666668,0.0735,0.045733333333333334,0.0431,0.0026,2.4317333333333333,0.23783333333333334,0.5826333333333333
15,0.1,2.916,1.35,0.1,666,H15_V0.1_L2.916_F1.35_fla0.1,0.5516666666666666,0.13203333333333334,0.0728,0.046033333333333336,0.0434,0.0026,2.444866666666667,0.23936666666666667,0.5989333333333333
15,0.1,2.916,1.5,0.1,666,H15_V0.1_L2.916_F1.5_fla0.1,0.5552,0.13306666666666667,0.0724,0.0461,0.0435,0.0026,2.4576,0.2397,0.6028333333333333
15,0.1,2.916,1.6,0.1,666,H15_V0.1_L2.916_F1.6_fla0.1,0.5553,0.1331,0.0724,0.0461,0.0435,0.0026,2.4617999999999998,0.2397,0.6027666666666667
15,0.1,2.916,1.75,0.1,666,H15_V0.1_L2.916_F1.75_fla0.1,0.5553,0.1331,0.0724,0.0461,0.0435,0.0026,2.4658333333333333,0.2397,0.6025666666666667
15,0.1,2.916,1.85,0.1,666,H15_V0.1_L2.916_F1.85_fla0.1,0.5553,0.13306666666666667,0.07236666666666668,0.0461,0.0435,0.0026,2.4669000000000003,0.2397,0.6025
15,0.1,2.916,1.99,0.1,666,H15_V0.1_L2.916_F1.99_fla0.1,0.5553,0.1331,0.0724,0.0461,0.0435,0.0026,2.4669333333333334,0.2397,0.6025333333333334
15,0.1,4.556,0.01,0.1,1013,H15_V0.1_L4.556_F0.01_fla0.1,0.12783333333333333,0.045366666666666666,0.11916666666666667,0.024399999999999998,0.0218,0.0026,1.6735333333333333,0.1497,0.1532
15,0.1,4.556,0.15,0.1,1013,H15_V0.1_L4.556_F0.15_fla0.1,0.14276666666666665,0.0498,0.10573333333333333,0.02606666666666667,0.023433333333333334,0.0026,1.7737333333333334,0.15946666666666667,0.15986666666666666
15,0.1,4.556,0.25,0.1,1013,H15_V0.1_L4.556_F0.25_fla0.1,0.156,0.0518,0.11186666666666667,0.027466666666666667,0.024833333333333336,0.0026,1.8387,0.16783333333333333,0.17586666666666667
15,0.1,4.556,0.4,0.1,1013,H15_V0.1_L4.556_F0.4_fla0.1,0.17393333333333333,0.055733333333333336,0.11126666666666667,0.029166666666666667,0.026533333333333332,0.0026,1.9139333333333333,0.1779,0.19403333333333334
15,0.1,4.556,0.5,0.1,1013,H15_V0.1_L4.556_F0.5_fla0.1,0.18716666666666668,0.0589,0.10806666666666667,0.030266666666666667,0.027666666666666666,0.0026,1.9979666666666667,0.1844,0.20476666666666668
15,0.1,4.556,0.65,0.1,1013,H15_V0.1_L4.556_F0.65_fla0.1,0.21656666666666666,0.0652,0.09633333333333334,0.0325,0.0299,0.0026,2.1608666666666667,0.19756666666666667,0.22563333333333332
15,0.1,4.556,0.75,0.1,1013,H15_V0.1_L4.556_F0.75_fla0.1,0.24856666666666666,0.0716,0.0975,0.0346,0.032,0.0026,2.3230333333333335,0.20986666666666667,0.25753333333333334
15,0.1,4.556,0.85,0.1,1013,H15_V0.1_L4.556_F0.85_fla0.1,0.2948,0.08113333333333334,0.09233333333333334,0.03713333333333334,0.03453333333333333,0.0026,2.529333333333333,0.22469999999999998,0.30066666666666664
15,0.1,4.556,0.95,0.1,1013,H15_V0.1_L4.556_F0.95_fla0.1,0.3573,0.09376666666666666,0.08483333333333333,0.039933333333333335,0.0373,0.0026,2.754966666666667,0.24113333333333334,0.36083333333333334
15,0.1,4.556,1,0.1,1013,H15_V0.1_L4.556_F1_fla0.1,0.39403333333333335,0.10116666666666667,0.08113333333333334,0.041299999999999996,0.0387,0.0026,2.8537666666666666,0.24943333333333334,0.39816666666666667
15,0.1,4.556,1.05,0.1,1013,H15_V0.1_L4.556_F1.05_fla0.1,0.42983333333333335,0.1087,0.07763333333333333,0.04256666666666667,0.039966666666666664,0.0026,2.9297999999999997,0.2568666666666667,0.4359
15,0.1,4.556,1.15,0.1,1013,H15_V0.1_L4.556_F1.15_fla0.1,0.49346666666666666,0.12163333333333333,0.07256666666666667,0.044566666666666664,0.041933333333333336,0.0026,3.0323333333333333,0.26843333333333336,0.5046666666666667
15,0.1,4.556,1.25,0.1,1013,H15_V0.1_L4.556_F1.25_fla0.1,0.5328,0.13016666666666668,0.0699,0.0456,0.04296666666666667,0.0026,3.0751666666666666,0.2745333333333333,0.5489999999999999
15,0.1,4.556,1.35,0.1,1013,H15_V0.1_L4.556_F1.35_fla0.1,0.549,0.13386666666666666,0.06936666666666667,0.04596666666666667,0.043366666666666664,0.0026,3.0991,0.27673333333333333,0.5676333333333333
15,0.1,4.556,1.5,0.1,1013,H15_V0.1_L4.556_F1.5_fla0.1,0.5523666666666667,0.1351,0.068533333333333335,0.046066666666666665,0.0434,0.0026,3.1282,0.2772,0.5705333333333333
15,0.1,4.556,1.6,0.1,1013,H15_V0.1_L4.556_F1.6_fla0.1,0.5521333333333334,0.1355,0.06783333333333333,0.046,0.0434,0.0026,3.145033333333333,0.2772,0.5697
15,0.1,4.556,1.75,0.1,1013,H15_V0.1_L4.556_F1.75_fla0.1,0.5519333333333333,0.1357,0.06746666666666667,0.046,0.0434,0.0026,3.1628666666666665,0.2771,0.5687333333333333
15,0.1,4.556,1.85,0.1,1013,H15_V0.1_L4.556_F1.85_fla0.1,0.5519,0.1357,0.0674,0.046,0.0434,0.0026,3.1677666666666666,0.2771,0.5685
15,0.1,4.556,1.99,0.1,1013,H15_V0.1_L4.556_F1.99_fla0.1,0.5519,0.1357,0.0674,0.046,0.0434,0.0026,3.1701,0.2771,0.5684
15,0.1,5.402,0.01,0.1,1201,H15_V0.1_L5.402_F0.01_fla0.1,0.1252,0.04496666666666667,0.1196,0.024066666666666667,0.021466666666666665,0.0026,1.6950333333333334,0.14676666666666666,0.14963333333333334
15,0.1,5.402,0.15,0.1,1201,H15_V0.1_L5.402_F0.15_fla0.1,0.14033333333333334,0.0479,0.1184,0.025733333333333334,0.023133333333333332,0.0026,1.7719666666666667,0.15693333333333334,0.16340000000000002
15,0.1,5.402,0.25,0.1,1201,H15_V0.1_L5.402_F0.25_fla0.1,0.15053333333333332,0.05143333333333333,0.11193333333333333,0.026866666666666667,0.024233333333333332,0.0026,1.8356333333333335,0.16343333333333332,0.17053333333333334
15,0.1,5.402,0.4,0.1,1201,H15_V0.1_L5.402_F0.4_fla0.1,0.16996666666666665,0.05546666666666667,0.10976666666666667,0.028766666666666666,0.026166666666666664,0.0026,1.9544333333333332,0.17486666666666667,0.18726666666666666
15,0.1,5.402,0.5,0.1,1201,H15_V0.1_L5.402_F0.5_fla0.1,0.1844,0.05853333333333333,0.1079,0.030066666666666665,0.027466666666666667,0.0026,2.028766666666667,0.1827,0.20026666666666668
15,0.1,5.402,0.65,0.1,1201,H15_V0.1_L5.402_F0.65_fla0.1,0.21403333333333333,0.06523333333333334,0.0965,0.03236666666666667,0.029766666666666667,0.0026,2.192833333333333,0.19666666666666666,0.22206666666666666
15,0.1,5.402,0.75,0.1,1201,H15_V0.1_L5.402_F0.75_fla0.1,0.24456666666666665,0.07153333333333334,0.09656666666666666,0.03443333333333334,0.031766666666666665,0.0026,2.358033333333333,0.2087,0.25153333333333333
15,0.1,5.402,0.85,0.1,1201,H15_V0.1_L5.402_F0.85_fla0.1,0.2880333333333333,0.08043333333333334,0.09190000000000001,0.036833333333333336,0.03423333333333333,0.0026,2.5588,0.22333333333333333,0.2919333333333333
15,0.1,5.402,0.95,0.1,1201,H15_V0.1_L5.402_F0.95_fla0.1,0.3487,0.0928,0.08486666666666666,0.03966666666666667,0.037033333333333335,0.0026,2.7919,0.23983333333333334,0.3499
15,0.1,5.402,1,0.1,1201,H15_V0.1_L5.402_F1_fla0.1,0.3844,0.09996666666666668,0.08126666666666667,0.04103333333333333,0.03843333333333333,0.0026,2.8992999999999998,0.24806666666666666,0.38563333333333333
15,0.1,5.402,1.05,0.1,1201,H15_V0.1_L5.402_F1.05_fla0.1,0.4202666666666667,0.10723333333333333,0.0784,0.042333333333333334,0.0397,0.0026,2.9848,0.2556,0.4231
15,0.1,5.402,1.15,0.1,1201,H15_V0.1_L5.402_F1.15_fla0.1,0.4852333333333333,0.12073333333333333,0.07253333333333334,0.044366666666666665,0.04173333333333334,0.0026,3.0982,0.2674666666666667,0.4927666666666667
15,0.1,5.402,1.25,0.1,1201,H15_V0.1_L5.402_F1.25_fla0.1,0.5275,0.1296,0.06923333333333333,0.0455,0.042866666666666664,0.0026,3.1549,0.2739,0.5393333333333333
15,0.1,5.402,1.35,0.1,1201,H15_V0.1_L5.402_F1.35_fla0.1,0.5460666666666666,0.13373333333333334,0.0687,0.04593333333333333,0.0433,0.0026,3.181233333333333,0.27640000000000003,0.5605666666666667
15,0.1,5.402,1.5,0.1,1201,H15_V0.1_L5.402_F1.5_fla0.1,0.5517666666666667,0.13556666666666667,0.06763333333333332,0.046,0.0434,0.0026,3.1985,0.27713333333333334,0.5669000000000001
15,0.1,5.402,1.6,0.1,1201,H15_V0.1_L5.402_F1.6_fla0.1,0.5519666666666667,0.13566666666666666,0.06753333333333333,0.046,0.0434,0.0026,3.2019333333333333,0.2771,0.5670333333333334
15,0.1,5.402,1.75,0.1,1201,H15_V0.1_L5.402_F1.75_fla0.1,0.552,0.13563333333333333,0.06756666666666666,0.046,0.0434,0.0026,3.1996333333333333,0.2771,0.5671
15,0.1,5.402,1.85,0.1,1201,H15_V0.1_L5.402_F1.85_fla0.1,0.552,0.1356,0.06763333333333332,0.046,0.0434,0.0026,3.1982333333333335,0.27713333333333334,0.5672
15,0.1,5.402,1.99,0.1,1201,H15_V0.1_L5.402_F1.99_fla0.1,0.5519666666666667,0.13566666666666666,0.06753333333333333,0.046,0.0434,0.0026,3.198566666666667,0.2771,0.5671666666666667
15,0.25,0.44,0.01,0.1,105,H15_V0.25_L0.44_F0.01_fla0.1,0.3967333333333333,0.09566666666666666,0.06806666666666666,0.04203333333333333,0.0394,0.0026,4.6509,0.033133333333333334,0.3049
15,0.25,0.44,0.15,0.1,105,H15_V0.25_L0.44_F0.15_fla0.1,0.4328666666666667,0.1035,0.0677,0.0431,0.0405,0.0026,4.824566666666667,0.034,0.34096666666666664
15,0.25,0.44,0.25,0.1,105,H15_V0.25_L0.44_F0.25_fla0.1,0.464,0.10956666666666667,0.06933333333333333,0.04396666666666667,0.04136666666666667,0.0026,4.960833333333333,0.034666666666666665,0.373
15,0.25,0.44,0.4,0.1,105,H15_V0.25_L0.44_F0.4_fla0.1,0.49946666666666667,0.11643333333333333,0.0716,0.044866666666666666,0.04226666666666667,0.0026,5.090966666666667,0.0353,0.41076666666666667
15,0.25,0.44,0.5,0.1,105,H15_V0.25_L0.44_F0.5_fla0.1,0.5090333333333333,0.11826666666666667,0.07206666666666667,0.045066666666666665,0.042466666666666666,0.0026,5.1153,0.03546666666666667,0.42136666666666667
15,0.25,0.44,0.65,0.1,105,H15_V0.25_L0.44_F0.65_fla0.1,0.5139666666666667,0.1192,0.0721,0.0452,0.04256666666666667,0.0026,5.1405,0.0356,0.42613333333333336
15,0.25,0.44,0.75,0.1,105,H15_V0.25_L0.44_F0.75_fla0.1,0.5193333333333333,0.12033333333333333,0.0721,0.0453,0.0427,0.0026,5.173033333333334,0.035666666666666666,0.43116666666666664
15,0.25,0.44,0.85,0.1,105,H15_V0.25_L0.44_F0.85_fla0.1,0.526,0.12166666666666666,0.0721,0.04543333333333333,0.042833333333333334,0.0026,5.2081333333333335,0.03576666666666667,0.4376333333333333
15,0.25,0.44,0.95,0.1,105,H15_V0.25_L0.44_F0.95_fla0.1,0.5337333333333333,0.12326666666666666,0.0721,0.04563333333333333,0.04303333333333333,0.0026,5.2459,0.03593333333333333,0.4453
15,0.25,0.44,1,0.1,105,H15_V0.25_L0.44_F1_fla0.1,0.5376333333333333,0.1241,0.0721,0.0457,0.0431,0.0026,5.264233333333333,0.03596666666666667,0.4492
15,0.25,0.44,1.05,0.1,105,H15_V0.25_L0.44_F1.05_fla0.1,0.5415666666666666,0.1249,0.0721,0.045766666666666664,0.043166666666666666,0.0026,5.281766666666667,0.036,0.45313333333333333
15,0.25,0.44,1.15,0.1,105,H15_V0.25_L0.44_F1.15_fla0.1,0.5483,0.12586666666666665,0.06966666666666667,0.04593333333333333,0.0433,0.0026,5.3032,0.03613333333333334,0.45816666666666667
15,0.25,0.44,1.25,0.1,105,H15_V0.25_L0.44_F1.25_fla0.1,0.5527666666666666,0.12456666666666666,0.0579,0.046033333333333336,0.0434,0.0026,5.283666666666667,0.0362,0.45413333333333333
15,0.25,0.44,1.35,0.1,105,H15_V0.25_L0.44_F1.35_fla0.1,0.5563666666666667,0.1253,0.0579,0.0461,0.0435,0.0026,5.2966,0.03626666666666667,0.45790000000000003
15,0.25,0.44,1.5,0.1,105,H15_V0.25_L0.44_F1.5_fla0.1,0.5594333333333333,0.12596666666666667,0.0579,0.04616666666666667,0.04356666666666666,0.0026,5.310066666666667,0.0363,0.4609666666666667
15,0.25,0.44,1.6,0.1,105,H15_V0.25_L0.44_F1.6_fla0.1,0.5607333333333334,0.12623333333333334,0.0579,0.0462,0.0436,0.0026,5.315733333333333,0.0363,0.46226666666666666
15,0.25,0.44,1.75,0.1,105,H15_V0.25_L0.44_F1.75_fla0.1,0.5602666666666667,0.1276,0.062,0.0462,0.04356666666666666,0.0026,5.3321,0.0363,0.4655666666666667
15,0.25,0.44,1.85,0.1,105,H15_V0.25_L0.44_F1.85_fla0.1,0.5602666666666667,0.1276,0.062,0.0462,0.04356666666666666,0.0026,5.334833333333333,0.0363,0.4654
15,0.25,0.44,1.99,0.1,105,H15_V0.25_L0.44_F1.99_fla0.1,0.5602666666666667,0.1276,0.062,0.0462,0.04356666666666666,0.0026,5.3354333333333335,0.0363,0.46540000000000004
15,0.25,1.521,0.01,0.1,351,H15_V0.25_L1.521_F0.01_fla0.1,0.3187,0.08246666666666667,0.09273333333333333,0.0389,0.03623333333333333,0.0026,2.7511,0.10596666666666667,0.315
15,0.25,1.521,0.15,0.1,351,H15_V0.25_L1.521_F0.15_fla0.1,0.3318,0.08506666666666667,0.09283333333333332,0.03936666666666667,0.03673333333333333,0.0026,2.8104,0.10723333333333333,0.3280666666666667
15,0.25,1.521,0.25,0.1,351,H15_V0.25_L1.521_F0.25_fla0.1,0.3466666666666667,0.0881,0.0929,0.039933333333333335,0.03733333333333333,0.0026,2.8504,0.10873333333333333,0.3442
15,0.25,1.521,0.4,0.1,351,H15_V0.25_L1.521_F0.4_fla0.1,0.3648666666666667,0.09186666666666667,0.0929,0.040666666666666663,0.038033333333333336,0.0026,2.8803,0.11063333333333333,0.3648666666666667
15,0.25,1.521,0.5,0.1,351,H15_V0.25_L1.521_F0.5_fla0.1,0.374,0.0937,0.0929,0.040966666666666665,0.03836666666666667,0.0026,2.9100333333333332,0.11153333333333333,0.3745
15,0.25,1.521,0.65,0.1,351,H15_V0.25_L1.521_F0.65_fla0.1,0.3881,0.09553333333333333,0.08033333333333334,0.04153333333333333,0.038933333333333334,0.0026,2.939,0.113,0.3807333333333333
15,0.25,1.521,0.75,0.1,351,H15_V0.25_L1.521_F0.75_fla0.1,0.4029666666666667,0.09906666666666666,0.07833333333333334,0.04206666666666667,0.03946666666666667,0.0026,2.996566666666667,0.11443333333333333,0.3955666666666667
15,0.25,1.521,0.85,0.1,351,H15_V0.25_L1.521_F0.85_fla0.1,0.42106666666666664,0.10223333333333333,0.0736,0.0427,0.04003333333333333,0.0026,3.063833333333333,0.11603333333333334,0.41046666666666665
15,0.25,1.521,0.95,0.1,351,H15_V0.25_L1.521_F0.95_fla0.1,0.44616666666666666,0.10693333333333334,0.0757,0.04343333333333333,0.04083333333333333,0.0026,3.151666666666667,0.11803333333333334,0.4376
15,0.25,1.521,1,0.1,351,H15_V0.25_L1.521_F1_fla0.1,0.4593333333333333,0.1093,0.07653333333333333,0.0438,0.0412,0.0026,3.1921333333333335,0.11900000000000001,0.45176666666666665
15,0.25,1.521,1.05,0.1,351,H15_V0.25_L1.521_F1.05_fla0.1,0.4739,0.11213333333333333,0.07746666666666667,0.0442,0.04153333333333333,0.0026,3.232266666666667,0.12000000000000001,0.4678333333333333
15,0.25,1.521,1.15,0.1,351,H15_V0.25_L1.521_F1.15_fla0.1,0.5014333333333334,0.1176,0.0777,0.044866666666666666,0.04226666666666667,0.0026,3.3032666666666666,0.12186666666666666,0.49776666666666664
15,0.25,1.521,1.25,0.1,351,H15_V0.25_L1.521_F1.25_fla0.1,0.5203666666666666,0.12386666666666667,0.07496666666666667,0.045366666666666666,0.0427,0.0026,3.3385666666666665,0.1231,0.5204666666666666
15,0.25,1.521,1.35,0.1,351,H15_V0.25_L1.521_F1.35_fla0.1,0.5366333333333333,0.12736666666666666,0.07483333333333334,0.0457,0.0431,0.0026,3.366966666666667,0.12403333333333333,0.5389333333333334
15,0.25,1.521,1.5,0.1,351,H15_V0.25_L1.521_F1.5_fla0.1,0.5481333333333334,0.1297,0.0748,0.04596666666666667,0.043366666666666664,0.0026,3.3974333333333333,0.12466666666666666,0.5514
15,0.25,1.521,1.6,0.1,351,H15_V0.25_L1.521_F1.6_fla0.1,0.5528,0.1307,0.0748,0.046033333333333336,0.04343333333333333,0.0026,3.4113333333333333,0.12486666666666667,0.5564666666666667
15,0.25,1.521,1.75,0.1,351,H15_V0.25_L1.521_F1.75_fla0.1,0.5567333333333333,0.1315,0.0748,0.0461,0.0435,0.0026,3.4253666666666667,0.12506666666666666,0.5605666666666667
15,0.25,1.521,1.85,0.1,351,H15_V0.25_L1.521_F1.85_fla0.1,0.5576666666666666,0.13166666666666668,0.0748,0.0461,0.0435,0.0026,3.4304,0.12516666666666668,0.5614333333333333
15,0.25,1.521,1.99,0.1,351,H15_V0.25_L1.521_F1.99_fla0.1,0.5578,0.1317,0.0748,0.0461,0.0435,0.0026,3.4310666666666667,0.1252,0.5616
15,0.25,2.916,0.01,0.1,666,H15_V0.25_L2.916_F0.01_fla0.1,0.23816666666666667,0.06726666666666667,0.10456666666666667,0.03436666666666666,0.031733333333333336,0.0026,1.7263666666666666,0.1799,0.27313333333333334
15,0.25,2.916,0.15,0.1,666,H15_V0.25_L2.916_F0.15_fla0.1,0.24416666666666667,0.06843333333333333,0.1047,0.03473333333333334,0.0321,0.0026,1.756,0.18186666666666668,0.27896666666666664
15,0.25,2.916,0.25,0.1,666,H15_V0.25_L2.916_F0.25_fla0.1,0.2509,0.06986666666666666,0.10466666666666667,0.035166666666666666,0.03256666666666667,0.0026,1.7855666666666667,0.1842,0.28576666666666667
15,0.25,2.916,0.4,0.1,666,H15_V0.25_L2.916_F0.4_fla0.1,0.26303333333333334,0.07226666666666667,0.10436666666666666,0.0359,0.033299999999999996,0.0026,1.8275333333333332,0.18806666666666666,0.29833333333333334
15,0.25,2.916,0.5,0.1,666,H15_V0.25_L2.916_F0.5_fla0.1,0.2739,0.07433333333333333,0.103,0.03646666666666667,0.03386666666666666,0.0026,1.8664666666666667,0.19093333333333332,0.30846666666666667
15,0.25,2.916,0.65,0.1,666,H15_V0.25_L2.916_F0.65_fla0.1,0.29956666666666665,0.0795,0.09076666666666666,0.03766666666666667,0.03506666666666666,0.0026,1.9588666666666668,0.19693333333333332,0.3273333333333333
15,0.25,2.916,0.75,0.1,666,H15_V0.25_L2.916_F0.75_fla0.1,0.3263666666666667,0.08503333333333334,0.08943333333333334,0.038900000000000004,0.0363,0.0026,2.0412,0.20316666666666666,0.35509999999999997
15,0.25,2.916,0.85,0.1,666,H15_V0.25_L2.916_F0.85_fla0.1,0.3587666666666667,0.09196666666666667,0.09026666666666666,0.0403,0.0377,0.0026,2.1220333333333334,0.21026666666666666,0.3915
15,0.25,2.916,0.95,0.1,666,H15_V0.25_L2.916_F0.95_fla0.1,0.38989999999999997,0.09876666666666667,0.08793333333333334,0.04153333333333333,0.038933333333333334,0.0026,2.1826666666666665,0.21653333333333333,0.42533333333333334
15,0.25,2.916,1,0.1,666,H15_V0.25_L2.916_F1_fla0.1,0.4059333333333333,0.10200000000000001,0.0863,0.042133333333333335,0.03946666666666667,0.0026,2.2154333333333334,0.21943333333333334,0.44203333333333333
15,0.25,2.916,1.05,0.1,666,H15_V0.25_L2.916_F1.05_fla0.1,0.4221666666666667,0.1051,0.08399999999999999,0.042633333333333336,0.04003333333333334,0.0026,2.2468666666666666,0.22216666666666668,0.4584666666666667
15,0.25,2.916,1.15,0.1,666,H15_V0.25_L2.916_F1.15_fla0.1,0.4543333333333333,0.11109999999999999,0.0795,0.043633333333333336,0.040966666666666665,0.0026,2.3129666666666666,0.2271,0.49056666666666665
15,0.25,2.916,1.25,0.1,666,H15_V0.25_L2.916_F1.25_fla0.1,0.4859,0.1172,0.07673333333333333,0.0445,0.04186666666666667,0.0026,2.3697666666666666,0.2315,0.5238333333333334
15,0.25,2.916,1.35,0.1,666,H15_V0.25_L2.916_F1.35_fla0.1,0.5131,0.12340000000000001,0.07373333333333333,0.04516666666666667,0.04256666666666667,0.0026,2.410066666666667,0.23500000000000001,0.5537
15,0.25,2.916,1.5,0.1,666,H15_V0.25_L2.916_F1.5_fla0.1,0.5411666666666667,0.1301,0.07246666666666667,0.04583333333333333,0.043166666666666666,0.0026,2.4431333333333334,0.2383,0.5865333333333334
15,0.25,2.916,1.6,0.1,666,H15_V0.25_L2.916_F1.6_fla0.1,0.5506,0.13213333333333332,0.0724,0.046,0.0434,0.0026,2.4513333333333334,0.23923333333333335,0.5975666666666667
15,0.25,2.916,1.75,0.1,666,H15_V0.25_L2.916_F1.75_fla0.1,0.5550333333333334,0.13303333333333334,0.0724,0.0461,0.0435,0.0026,2.4563333333333333,0.2397,0.6026666666666667
15,0.25,2.916,1.85,0.1,666,H15_V0.25_L2.916_F1.85_fla0.1,0.5553,0.1331,0.0724,0.0461,0.0435,0.0026,2.4582333333333333,0.2397,0.6029
15,0.25,2.916,1.99,0.1,666,H15_V0.25_L2.916_F1.99_fla0.1,0.5553,0.1331,0.0724,0.0461,0.0435,0.0026,2.4639,0.2397,0.6026666666666667
15,0.25,4.556,0.01,0.1,1013,H15_V0.25_L4.556_F0.01_fla0.1,0.13173333333333334,0.04713333333333333,0.11073333333333334,0.024966666666666665,0.022333333333333334,0.0026,1.6821,0.15296666666666667,0.1534
15,0.25,4.556,0.15,0.1,1013,H15_V0.25_L4.556_F0.15_fla0.1,0.14623333333333333,0.049966666666666666,0.11093333333333334,0.026533333333333332,0.023933333333333334,0.0026,1.7875,0.16253333333333334,0.166
15,0.25,4.556,0.25,0.1,1013,H15_V0.25_L4.556_F0.25_fla0.1,0.15896666666666667,0.05193333333333333,0.11253333333333333,0.027866666666666665,0.025266666666666666,0.0026,1.8488333333333333,0.17013333333333333,0.1787
15,0.25,4.556,0.4,0.1,1013,H15_V0.25_L4.556_F0.4_fla0.1,0.18046666666666666,0.0569,0.109,0.029733333333333334,0.0271,0.0026,1.9580666666666668,0.18116666666666667,0.19816666666666666
15,0.25,4.556,0.5,0.1,1013,H15_V0.25_L4.556_F0.5_fla0.1,0.20096666666666668,0.06183333333333333,0.10396666666666667,0.03133333333333333,0.028733333333333333,0.0026,2.0785,0.19053333333333333,0.21523333333333333
15,0.25,4.556,0.65,0.1,1013,H15_V0.25_L4.556_F0.65_fla0.1,0.24283333333333335,0.0703,0.09803333333333333,0.03426666666666667,0.03166666666666667,0.0026,2.2742,0.20793333333333333,0.2529
15,0.25,4.556,0.75,0.1,1013,H15_V0.25_L4.556_F0.75_fla0.1,0.27393333333333336,0.07680000000000001,0.09516666666666666,0.03623333333333333,0.03356666666666667,0.0026,2.388933333333333,0.2193,0.2835666666666667
15,0.25,4.556,0.85,0.1,1013,H15_V0.25_L4.556_F0.85_fla0.1,0.3085333333333333,0.08416666666666667,0.09116666666666667,0.038033333333333336,0.0354,0.0026,2.528833333333333,0.23006666666666667,0.31679999999999997
15,0.25,4.556,0.95,0.1,1013,H15_V0.25_L4.556_F0.95_fla0.1,0.34723333333333334,0.09233333333333334,0.08656666666666667,0.0398,0.03716666666666667,0.0026,2.6757999999999997,0.24043333333333333,0.3542
15,0.25,4.556,1,0.1,1013,H15_V0.25_L4.556_F1_fla0.1,0.36846666666666666,0.09653333333333333,0.0843,0.040633333333333334,0.038033333333333336,0.0026,2.7377,0.24556666666666666,0.3754
15,0.25,4.556,1.05,0.1,1013,H15_V0.25_L4.556_F1.05_fla0.1,0.3902333333333333,0.10136666666666667,0.082,0.041466666666666666,0.03886666666666667,0.0026,2.793433333333333,0.25043333333333334,0.3981
15,0.25,4.556,1.15,0.1,1013,H15_V0.25_L4.556_F1.15_fla0.1,0.43456666666666666,0.11016666666666666,0.0765,0.04296666666666667,0.04036666666666667,0.0026,2.9037,0.25916666666666666,0.44276666666666664
15,0.25,4.556,1.25,0.1,1013,H15_V0.25_L4.556_F1.25_fla0.1,0.4769333333333333,0.11883333333333333,0.07233333333333333,0.04423333333333333,0.04153333333333333,0.0026,2.9992666666666667,0.26636666666666664,0.4868
15,0.25,4.556,1.35,0.1,1013,H15_V0.25_L4.556_F1.35_fla0.1,0.5114333333333333,0.12606666666666666,0.06976666666666667,0.0451,0.042466666666666666,0.0026,3.0634,0.27153333333333335,0.5240333333333334
15,0.25,4.556,1.5,0.1,1013,H15_V0.25_L4.556_F1.5_fla0.1,0.5405333333333333,0.13256666666666667,0.0687,0.0458,0.043166666666666666,0.0026,3.1174666666666666,0.27563333333333334,0.5567333333333333
15,0.25,4.556,1.6,0.1,1013,H15_V0.25_L4.556_F1.6_fla0.1,0.5477666666666666,0.1345,0.06799999999999999,0.04593333333333333,0.043333333333333335,0.0026,3.1386666666666665,0.27663333333333334,0.5647
15,0.25,4.556,1.75,0.1,1013,H15_V0.25_L4.556_F1.75_fla0.1,0.5511999999999999,0.13549999999999998,0.06756666666666666,0.046,0.0434,0.0026,3.1590666666666665,0.27703333333333335,0.5680666666666666
15,0.25,4.556,1.85,0.1,1013,H15_V0.25_L4.556_F1.85_fla0.1,0.5517333333333333,0.13566666666666666,0.0674,0.046,0.0434,0.0026,3.1663333333333337,0.2771,0.5683333333333334
15,0.25,4.556,1.99,0.1,1013,H15_V0.25_L4.556_F1.99_fla0.1,0.5519,0.1357,0.0674,0.046,0.0434,0.0026,3.1713999999999998,0.2771,0.5683333333333334
15,0.25,5.402,0.01,0.1,1201,H15_V0.25_L5.402_F0.01_fla0.1,0.13056666666666666,0.046,0.11906666666666667,0.024666666666666667,0.022066666666666665,0.0026,1.7327333333333335,0.15013333333333334,0.15396666666666667
15,0.25,5.402,0.15,0.1,1201,H15_V0.25_L5.402_F0.15_fla0.1,0.14823333333333333,0.0501,0.1144,0.026566666666666666,0.023899999999999998,0.0026,1.8234666666666668,0.16143333333333335,0.1687
15,0.25,5.402,0.25,0.1,1201,H15_V0.25_L5.402_F0.25_fla0.1,0.1612,0.052866666666666666,0.11226666666666667,0.027866666666666665,0.025266666666666666,0.0026,1.8926333333333334,0.16936666666666667,0.17996666666666666
15,0.25,5.402,0.4,0.1,1201,H15_V0.25_L5.402_F0.4_fla0.1,0.1833,0.05786666666666667,0.10806666666666667,0.029933333333333333,0.027333333333333334,0.0026,2.0155333333333334,0.18173333333333333,0.19899999999999998
15,0.25,5.402,0.5,0.1,1201,H15_V0.25_L5.402_F0.5_fla0.1,0.20076666666666668,0.06186666666666667,0.10276666666666667,0.031433333333333334,0.028766666666666666,0.0026,2.1060666666666665,0.19056666666666666,0.2131
15,0.25,5.402,0.65,0.1,1201,H15_V0.25_L5.402_F0.65_fla0.1,0.23563333333333333,0.06946666666666666,0.09836666666666667,0.033966666666666666,0.0313,0.0026,2.2842333333333333,0.20583333333333334,0.2449
15,0.25,5.402,0.75,0.1,1201,H15_V0.25_L5.402_F0.75_fla0.1,0.2647333333333333,0.0756,0.09506666666666667,0.03573333333333333,0.033133333333333334,0.0026,2.412333333333333,0.21663333333333332,0.2723
15,0.25,5.402,0.85,0.1,1201,H15_V0.25_L5.402_F0.85_fla0.1,0.2982666666666667,0.0825,0.0912,0.037566666666666665,0.03496666666666667,0.0026,2.5461,0.22756666666666667,0.30433333333333334
15,0.25,5.402,0.95,0.1,1201,H15_V0.25_L5.402_F0.95_fla0.1,0.33586666666666665,0.0907,0.08753333333333334,0.03936666666666667,0.03676666666666667,0.0026,2.69,0.2382,0.3414333333333333
15,0.25,5.402,1,0.1,1201,H15_V0.25_L5.402_F1_fla0.1,0.3560333333333333,0.09493333333333333,0.0858,0.040266666666666666,0.037566666666666665,0.0026,2.759133333333333,0.24330000000000002,0.36169999999999997
15,0.25,5.402,1.05,0.1,1201,H15_V0.25_L5.402_F1.05_fla0.1,0.37653333333333333,0.09906666666666666,0.08373333333333333,0.04103333333333333,0.03843333333333333,0.0026,2.8274666666666666,0.24813333333333334,0.3819666666666667
15,0.25,5.402,1.15,0.1,1201,H15_V0.25_L5.402_F1.15_fla0.1,0.4210333333333333,0.10830000000000001,0.07896666666666667,0.0426,0.039966666666666664,0.0026,2.9571666666666667,0.25716666666666665,0.42683333333333334
15,0.25,5.402,1.25,0.1,1201,H15_V0.25_L5.402_F1.25_fla0.1,0.46426666666666666,0.11713333333333334,0.07346666666666667,0.0439,0.041299999999999996,0.0026,3.0637333333333334,0.2647,0.4706
15,0.25,5.402,1.35,0.1,1201,H15_V0.25_L5.402_F1.35_fla0.1,0.5011,0.1245,0.0701,0.044866666666666666,0.04226666666666667,0.0026,3.129233333333333,0.27036666666666664,0.5095999999999999
15,0.25,5.402,1.5,0.1,1201,H15_V0.25_L5.402_F1.5_fla0.1,0.5336666666666666,0.13163333333333332,0.06803333333333333,0.04566666666666667,0.04306666666666666,0.0026,3.1779,0.27486666666666665,0.546
15,0.25,5.402,1.6,0.1,1201,H15_V0.25_L5.402_F1.6_fla0.1,0.5437666666666666,0.13393333333333332,0.0676,0.04586666666666667,0.04323333333333333,0.0026,3.1986333333333334,0.27613333333333334,0.5572
15,0.25,5.402,1.75,0.1,1201,H15_V0.25_L5.402_F1.75_fla0.1,0.5505333333333333,0.1354,0.06746666666666667,0.046,0.0434,0.0026,3.2057,0.2769666666666667,0.5650666666666666
15,0.25,5.402,1.85,0.1,1201,H15_V0.25_L5.402_F1.85_fla0.1,0.5517666666666666,0.1356,0.06756666666666666,0.046,0.0434,0.0026,3.2018,0.2771,0.5667666666666666
15,0.25,5.402,1.99,0.1,1201,H15_V0.25_L5.402_F1.99_fla0.1,0.5520333333333334,0.1356,0.06763333333333334,0.046,0.0434,0.0026,3.1959,0.27713333333333334,0.5673333333333334
15,0.5,0.44,0.01,0.1,105,H15_V0.5_L0.44_F0.01_fla0.1,0.4010666666666666,0.0971,0.06726666666666667,0.042133333333333335,0.0395,0.0026,4.674766666666667,0.03323333333333333,0.3091666666666667
15,0.5,0.44,0.15,0.1,105,H15_V0.5_L0.44_F0.15_fla0.1,0.4372333333333333,0.1043,0.06896666666666666,0.04323333333333333,0.040633333333333334,0.0026,4.850766666666666,0.03406666666666667,0.34573333333333334
15,0.5,0.44,0.25,0.1,105,H15_V0.5_L0.44_F0.25_fla0.1,0.47123333333333334,0.11093333333333333,0.0708,0.04416666666666667,0.04153333333333333,0.0026,4.9983,0.03476666666666667,0.3808333333333333
15,0.5,0.44,0.4,0.1,105,H15_V0.5_L0.44_F0.4_fla0.1,0.5099666666666667,0.11843333333333333,0.07196666666666666,0.04513333333333333,0.0425,0.0026,5.130466666666666,0.0355,0.4217
15,0.5,0.44,0.5,0.1,105,H15_V0.5_L0.44_F0.5_fla0.1,0.5208666666666667,0.12066666666666667,0.0721,0.045366666666666666,0.04273333333333333,0.0026,5.1582,0.035666666666666666,0.4336333333333333
15,0.5,0.44,0.65,0.1,105,H15_V0.5_L0.44_F0.65_fla0.1,0.5264333333333333,0.1218,0.0721,0.04546666666666666,0.042833333333333334,0.0026,5.1852,0.03576666666666667,0.43916666666666665
15,0.5,0.44,0.75,0.1,105,H15_V0.5_L0.44_F0.75_fla0.1,0.5291,0.1223,0.0721,0.045533333333333335,0.0429,0.0026,5.203966666666667,0.035833333333333335,0.44156666666666666
15,0.5,0.44,0.85,0.1,105,H15_V0.5_L0.44_F0.85_fla0.1,0.5321333333333333,0.12296666666666667,0.0721,0.0456,0.043000000000000003,0.0026,5.2263,0.035866666666666665,0.4442333333333333
15,0.5,0.44,0.95,0.1,105,H15_V0.5_L0.44_F0.95_fla0.1,0.5356666666666666,0.12366666666666666,0.0721,0.04566666666666667,0.04306666666666666,0.0026,5.2512,0.03593333333333333,0.44739999999999996
15,0.5,0.44,1,0.1,105,H15_V0.5_L0.44_F1_fla0.1,0.5374,0.12406666666666666,0.0721,0.0457,0.04306666666666666,0.0026,5.2623,0.03593333333333333,0.4489666666666667
15,0.5,0.44,1.05,0.1,105,H15_V0.5_L0.44_F1.05_fla0.1,0.5390666666666667,0.1244,0.0721,0.045733333333333334,0.043133333333333336,0.0026,5.271533333333333,0.036,0.45056666666666667
15,0.5,0.44,1.15,0.1,105,H15_V0.5_L0.44_F1.15_fla0.1,0.5418666666666666,0.12236666666666667,0.0579,0.0458,0.043166666666666666,0.0026,5.239933333333333,0.036,0.44293333333333335
15,0.5,0.44,1.25,0.1,105,H15_V0.5_L0.44_F1.25_fla0.1,0.5448333333333333,0.12293333333333334,0.0579,0.04586666666666667,0.04323333333333333,0.0026,5.251833333333334,0.036066666666666664,0.44593333333333335
15,0.5,0.44,1.35,0.1,105,H15_V0.5_L0.44_F1.35_fla0.1,0.5470666666666667,0.1234,0.0579,0.0459,0.0433,0.0026,5.2625,0.0361,0.44816666666666666
15,0.5,0.44,1.5,0.1,105,H15_V0.5_L0.44_F1.5_fla0.1,0.5506333333333333,0.12413333333333333,0.0579,0.046,0.043333333333333335,0.0026,5.280133333333334,0.036166666666666666,0.4517
15,0.5,0.44,1.6,0.1,105,H15_V0.5_L0.44_F1.6_fla0.1,0.5538333333333333,0.1248,0.0579,0.046066666666666665,0.04343333333333333,0.0026,5.2941666666666665,0.0362,0.4549
15,0.5,0.44,1.75,0.1,105,H15_V0.5_L0.44_F1.75_fla0.1,0.5584666666666667,0.12573333333333334,0.0579,0.04616666666666667,0.043533333333333334,0.0026,5.3113,0.03626666666666667,0.4597333333333333
15,0.5,0.44,1.85,0.1,105,H15_V0.5_L0.44_F1.85_fla0.1,0.5593333333333333,0.12739999999999999,0.062,0.04616666666666667,0.043533333333333334,0.0026,5.328266666666667,0.0363,0.4646
15,0.5,0.44,1.99,0.1,105,H15_V0.5_L0.44_F1.99_fla0.1,0.5602,0.1276,0.062,0.0462,0.04356666666666666,0.0026,5.3312,0.0363,0.4655
15,0.5,1.521,0.01,0.1,351,H15_V0.5_L1.521_F0.01_fla0.1,0.3225,0.08316666666666667,0.09283333333333334,0.0391,0.0364,0.0026,2.765066666666667,0.10636666666666666,0.3189
15,0.5,1.521,0.15,0.1,351,H15_V0.5_L1.521_F0.15_fla0.1,0.3415,0.087,0.0929,0.0399,0.037233333333333334,0.0026,2.8375333333333335,0.1086,0.3385333333333333
15,0.5,1.521,0.25,0.1,351,H15_V0.5_L1.521_F0.25_fla0.1,0.35936666666666667,0.0907,0.0929,0.0406,0.03796666666666667,0.0026,2.8951333333333333,0.11053333333333333,0.3575333333333333
15,0.5,1.521,0.4,0.1,351,H15_V0.5_L1.521_F0.4_fla0.1,0.38280000000000003,0.09553333333333333,0.0929,0.041466666666666666,0.03883333333333334,0.0026,2.9455666666666667,0.1128,0.3835
15,0.5,1.521,0.5,0.1,351,H15_V0.5_L1.521_F0.5_fla0.1,0.39003333333333334,0.09566666666666666,0.0728,0.0417,0.0391,0.0026,2.9243666666666663,0.11353333333333333,0.37870000000000004
15,0.5,1.521,0.65,0.1,351,H15_V0.5_L1.521_F0.65_fla0.1,0.4015,0.0977,0.06616666666666667,0.04203333333333333,0.039433333333333334,0.0026,2.9575666666666667,0.11436666666666666,0.38633333333333336
15,0.5,1.521,0.75,0.1,351,H15_V0.5_L1.521_F0.75_fla0.1,0.41323333333333334,0.10156666666666667,0.07653333333333333,0.042366666666666664,0.039733333333333336,0.0026,3.0375,0.1152,0.40546666666666664
15,0.5,1.521,0.85,0.1,351,H15_V0.5_L1.521_F0.85_fla0.1,0.4296,0.10456666666666667,0.0757,0.042833333333333334,0.0402,0.0026,3.1031666666666666,0.11643333333333333,0.4212
15,0.5,1.521,0.95,0.1,351,H15_V0.5_L1.521_F0.95_fla0.1,0.45193333333333335,0.10876666666666666,0.0761,0.0435,0.04086666666666666,0.0026,3.1715666666666666,0.11813333333333334,0.44480000000000003
15,0.5,1.521,1,0.1,351,H15_V0.5_L1.521_F1_fla0.1,0.4623333333333333,0.11046666666666667,0.07503333333333334,0.0438,0.04116666666666667,0.0026,3.1942666666666666,0.11896666666666667,0.4551
15,0.5,1.521,1.05,0.1,351,H15_V0.5_L1.521_F1.05_fla0.1,0.4729,0.112,0.07336666666666666,0.04406666666666667,0.041466666666666666,0.0026,3.2138,0.11973333333333333,0.46503333333333335
15,0.5,1.521,1.15,0.1,351,H15_V0.5_L1.521_F1.15_fla0.1,0.4890333333333333,0.11546666666666666,0.0694,0.044533333333333334,0.0419,0.0026,3.2408333333333332,0.12093333333333334,0.481
15,0.5,1.521,1.25,0.1,351,H15_V0.5_L1.521_F1.25_fla0.1,0.5021333333333333,0.11616666666666667,0.06353333333333333,0.044866666666666666,0.04226666666666667,0.0026,3.2560333333333333,0.1218,0.4897666666666667
15,0.5,1.521,1.35,0.1,351,H15_V0.5_L1.521_F1.35_fla0.1,0.5124,0.1183,0.06353333333333333,0.04513333333333333,0.04253333333333333,0.0026,3.2825666666666664,0.12246666666666667,0.5009
15,0.5,1.521,1.5,0.1,351,H15_V0.5_L1.521_F1.5_fla0.1,0.5251,0.12296666666666667,0.06916666666666667,0.04543333333333333,0.042833333333333334,0.0026,3.3284666666666665,0.12326666666666666,0.5204666666666666
15,0.5,1.521,1.6,0.1,351,H15_V0.5_L1.521_F1.6_fla0.1,0.5319666666666667,0.12643333333333334,0.0748,0.0456,0.04296666666666667,0.0026,3.3609666666666667,0.12369999999999999,0.5335666666666666
15,0.5,1.521,1.75,0.1,351,H15_V0.5_L1.521_F1.75_fla0.1,0.5426,0.12863333333333332,0.0748,0.04583333333333334,0.04323333333333333,0.0026,3.393466666666667,0.12433333333333334,0.5449666666666667
15,0.5,1.521,1.85,0.1,351,H15_V0.5_L1.521_F1.85_fla0.1,0.5493333333333333,0.12996666666666667,0.0748,0.046,0.043333333333333335,0.0026,3.4116333333333335,0.1247,0.5522
15,0.5,1.521,1.99,0.1,351,H15_V0.5_L1.521_F1.99_fla0.1,0.5551666666666667,0.13116666666666665,0.0748,0.0461,0.04346666666666667,0.0026,3.4203666666666668,0.125,0.5589
15,0.5,2.916,0.01,0.1,666,H15_V0.5_L2.916_F0.01_fla0.1,0.25183333333333335,0.07023333333333334,0.10393333333333334,0.03526666666666667,0.03266666666666667,0.0026,1.8335000000000001,0.18503333333333333,0.2846
15,0.5,2.916,0.15,0.1,666,H15_V0.5_L2.916_F0.15_fla0.1,0.27536666666666665,0.07516666666666667,0.09570000000000001,0.03673333333333333,0.034133333333333335,0.0026,1.8683333333333334,0.19236666666666666,0.3062666666666667
15,0.5,2.916,0.25,0.1,666,H15_V0.5_L2.916_F0.25_fla0.1,0.2867,0.07746666666666667,0.09566666666666666,0.037333333333333336,0.03473333333333333,0.0026,1.8618666666666666,0.19540000000000002,0.3201666666666667
15,0.5,2.916,0.4,0.1,666,H15_V0.5_L2.916_F0.4_fla0.1,0.29059999999999997,0.0783,0.0869,0.03743333333333333,0.034833333333333334,0.0026,1.8468666666666667,0.19583333333333333,0.32
15,0.5,2.916,0.5,0.1,666,H15_V0.5_L2.916_F0.5_fla0.1,0.29246666666666665,0.07866666666666668,0.08536666666666667,0.03746666666666667,0.034833333333333334,0.0026,1.8687666666666667,0.1959,0.32026666666666664
15,0.5,2.916,0.65,0.1,666,H15_V0.5_L2.916_F0.65_fla0.1,0.30419999999999997,0.08086666666666667,0.09013333333333333,0.03793333333333333,0.035333333333333335,0.0026,1.9289,0.19836666666666666,0.3344333333333333
15,0.5,2.916,0.75,0.1,666,H15_V0.5_L2.916_F0.75_fla0.1,0.317,0.08363333333333334,0.0902,0.038533333333333336,0.03593333333333333,0.0026,1.9789666666666668,0.2012,0.34783333333333333
15,0.5,2.916,0.85,0.1,666,H15_V0.5_L2.916_F0.85_fla0.1,0.3339666666666667,0.08756666666666667,0.09003333333333333,0.03923333333333333,0.03663333333333333,0.0026,2.0465333333333335,0.20473333333333332,0.36573333333333335
15,0.5,2.916,0.95,0.1,666,H15_V0.5_L2.916_F0.95_fla0.1,0.3578,0.09263333333333333,0.08906666666666667,0.04016666666666667,0.037533333333333335,0.0026,2.1284,0.20946666666666666,0.39043333333333335
15,0.5,2.916,1,0.1,666,H15_V0.5_L2.916_F1_fla0.1,0.372,0.09543333333333333,0.08786666666666666,0.0407,0.038066666666666665,0.0026,2.163,0.21223333333333333,0.40503333333333336
15,0.5,2.916,1.05,0.1,666,H15_V0.5_L2.916_F1.05_fla0.1,0.3875,0.09833333333333333,0.08633333333333333,0.041299999999999996,0.03866666666666667,0.0026,2.1916333333333333,0.2152,0.4211333333333333
15,0.5,2.916,1.15,0.1,666,H15_V0.5_L2.916_F1.15_fla0.1,0.4178,0.10396666666666667,0.0822,0.042366666666666664,0.039766666666666665,0.0026,2.2430666666666665,0.2208,0.45189999999999997
15,0.5,2.916,1.25,0.1,666,H15_V0.5_L2.916_F1.25_fla0.1,0.44616666666666666,0.1092,0.07816666666666668,0.043333333333333335,0.0407,0.0026,2.2923,0.2257,0.4805666666666667
15,0.5,2.916,1.35,0.1,666,H15_V0.5_L2.916_F1.35_fla0.1,0.4713333333333333,0.11403333333333333,0.07563333333333333,0.0441,0.0415,0.0026,2.3375333333333335,0.22956666666666667,0.5067666666666667
15,0.5,2.916,1.5,0.1,666,H15_V0.5_L2.916_F1.5_fla0.1,0.5048333333333334,0.12133333333333333,0.07416666666666667,0.04496666666666667,0.04236666666666667,0.0026,2.39,0.23413333333333333,0.5444
15,0.5,2.916,1.6,0.1,666,H15_V0.5_L2.916_F1.6_fla0.1,0.5202,0.1251,0.07336666666666666,0.04533333333333333,0.0427,0.0026,2.4082666666666666,0.23596666666666666,0.5624666666666667
15,0.5,2.916,1.75,0.1,666,H15_V0.5_L2.916_F1.75_fla0.1,0.5373333333333333,0.1267,0.06756666666666666,0.045733333333333334,0.0431,0.0026,2.4229,0.23783333333333334,0.5763
15,0.5,2.916,1.85,0.1,666,H15_V0.5_L2.916_F1.85_fla0.1,0.5447333333333333,0.1293,0.07046666666666668,0.0459,0.0433,0.0026,2.4354,0.23863333333333334,0.5878666666666666
15,0.5,2.916,1.99,0.1,666,H15_V0.5_L2.916_F1.99_fla0.1,0.5503333333333333,0.13203333333333334,0.07243333333333334,0.046033333333333336,0.043366666666666664,0.0026,2.443766666666667,0.23923333333333333,0.5976
15,0.5,4.556,0.01,0.1,1013,H15_V0.5_L4.556_F0.01_fla0.1,0.15216666666666667,0.051,0.11143333333333333,0.027,0.02436666666666667,0.0026,1.8195,0.16526666666666667,0.1718
15,0.5,4.556,0.15,0.1,1013,H15_V0.5_L4.556_F0.15_fla0.1,0.1772,0.055299999999999995,0.1117,0.029333333333333333,0.0267,0.0026,1.9536,0.17903333333333332,0.19493333333333335
15,0.5,4.556,0.25,0.1,1013,H15_V0.5_L4.556_F0.25_fla0.1,0.1935,0.0588,0.10883333333333334,0.030733333333333335,0.028133333333333333,0.0026,2.0122666666666666,0.1873,0.21036666666666667
15,0.5,4.556,0.4,0.1,1013,H15_V0.5_L4.556_F0.4_fla0.1,0.21660000000000001,0.0648,0.10113333333333334,0.0325,0.0299,0.0026,2.1122,0.19763333333333333,0.23036666666666666
15,0.5,4.556,0.5,0.1,1013,H15_V0.5_L4.556_F0.5_fla0.1,0.23726666666666668,0.06896666666666666,0.10073333333333333,0.033933333333333336,0.0313,0.0026,2.2248666666666668,0.20583333333333334,0.24996666666666667
15,0.5,4.556,0.65,0.1,1013,H15_V0.5_L4.556_F0.65_fla0.1,0.27423333333333333,0.07653333333333333,0.09643333333333333,0.03626666666666666,0.033633333333333335,0.0026,2.369,0.21956666666666666,0.2851666666666667
15,0.5,4.556,0.75,0.1,1013,H15_V0.5_L4.556_F0.75_fla0.1,0.2970666666666667,0.08146666666666667,0.0914,0.037566666666666665,0.03496666666666667,0.0026,2.4252333333333334,0.2274,0.3073
15,0.5,4.556,0.85,0.1,1013,H15_V0.5_L4.556_F0.85_fla0.1,0.3169,0.08586666666666666,0.09013333333333333,0.03863333333333333,0.036,0.0026,2.496033333333333,0.23349999999999999,0.3277
15,0.5,4.556,0.95,0.1,1013,H15_V0.5_L4.556_F0.95_fla0.1,0.3358333333333333,0.09003333333333333,0.0889,0.0395,0.036866666666666666,0.0026,2.5677,0.23873333333333333,0.34690000000000004
15,0.5,4.556,1,0.1,1013,H15_V0.5_L4.556_F1_fla0.1,0.34436666666666665,0.09213333333333333,0.08833333333333333,0.0399,0.03726666666666666,0.0026,2.5935333333333332,0.24103333333333332,0.3560333333333333
15,0.5,4.556,1.05,0.1,1013,H15_V0.5_L4.556_F1.05_fla0.1,0.3530333333333333,0.09413333333333333,0.0877,0.040266666666666666,0.03763333333333333,0.0026,2.6147333333333336,0.24326666666666666,0.36546666666666666
15,0.5,4.556,1.15,0.1,1013,H15_V0.5_L4.556_F1.15_fla0.1,0.36873333333333336,0.09786666666666667,0.0861,0.04086666666666667,0.038266666666666664,0.0026,2.6765,0.24686666666666668,0.38133333333333336
15,0.5,4.556,1.25,0.1,1013,H15_V0.5_L4.556_F1.25_fla0.1,0.38776666666666665,0.10186666666666666,0.08476666666666667,0.04153333333333333,0.0389,0.0026,2.7625333333333333,0.25070000000000003,0.39966666666666667
15,0.5,4.556,1.35,0.1,1013,H15_V0.5_L4.556_F1.35_fla0.1,0.4114,0.10696666666666667,0.0819,0.042300000000000004,0.03966666666666667,0.0026,2.8458,0.25526666666666664,0.42293333333333333
15,0.5,4.556,1.5,0.1,1013,H15_V0.5_L4.556_F1.5_fla0.1,0.4537333333333333,0.11533333333333334,0.07553333333333333,0.043633333333333336,0.041,0.0026,2.9627666666666665,0.263,0.46423333333333333
15,0.5,4.556,1.6,0.1,1013,H15_V0.5_L4.556_F1.6_fla0.1,0.4790333333333333,0.1205,0.07136666666666666,0.044333333333333336,0.0417,0.0026,3.0172666666666665,0.2672,0.48960000000000004
15,0.5,4.556,1.75,0.1,1013,H15_V0.5_L4.556_F1.75_fla0.1,0.5057,0.1261,0.06833333333333333,0.045033333333333335,0.04243333333333334,0.0026,3.0777,0.27116666666666667,0.5172
15,0.5,4.556,1.85,0.1,1013,H15_V0.5_L4.556_F1.85_fla0.1,0.5173333333333333,0.12853333333333333,0.0676,0.04526666666666667,0.042666666666666665,0.0026,3.1087666666666665,0.2727333333333333,0.5295
15,0.5,4.556,1.99,0.1,1013,H15_V0.5_L4.556_F1.99_fla0.1,0.5302,0.13126666666666667,0.0675,0.045566666666666665,0.04296666666666667,0.0026,3.1376,0.2744666666666667,0.5437333333333333
15,0.5,5.402,0.01,0.1,1201,H15_V0.5_L5.402_F0.01_fla0.1,0.13206666666666667,0.04633333333333334,0.1179,0.02486666666666667,0.022166666666666668,0.0026,1.7473666666666665,0.1513,0.15433333333333332
15,0.5,5.402,0.15,0.1,1201,H15_V0.5_L5.402_F0.15_fla0.1,0.15573333333333333,0.05123333333333333,0.11460000000000001,0.027266666666666668,0.024666666666666667,0.0026,1.8848333333333334,0.16596666666666665,0.17456666666666668
15,0.5,5.402,0.25,0.1,1201,H15_V0.5_L5.402_F0.25_fla0.1,0.175,0.05586666666666667,0.10976666666666667,0.0291,0.026466666666666666,0.0026,1.9915999999999998,0.17683333333333334,0.1908
15,0.5,5.402,0.4,0.1,1201,H15_V0.5_L5.402_F0.4_fla0.1,0.20806666666666668,0.06313333333333333,0.10389999999999999,0.03186666666666667,0.029233333333333333,0.0026,2.1492999999999998,0.19366666666666668,0.22033333333333333
15,0.5,5.402,0.5,0.1,1201,H15_V0.5_L5.402_F0.5_fla0.1,0.22743333333333332,0.0675,0.1002,0.03336666666666667,0.03073333333333333,0.0026,2.2267333333333332,0.2026,0.23836666666666667
15,0.5,5.402,0.65,0.1,1201,H15_V0.5_L5.402_F0.65_fla0.1,0.2594,0.07443333333333334,0.09723333333333334,0.03553333333333333,0.032933333333333335,0.0026,2.3794,0.21536666666666668,0.26866666666666666
15,0.5,5.402,0.75,0.1,1201,H15_V0.5_L5.402_F0.75_fla0.1,0.2855666666666667,0.07993333333333333,0.09316666666666666,0.037033333333333335,0.03443333333333334,0.0026,2.478466666666667,0.22426666666666667,0.29333333333333333
15,0.5,5.402,0.85,0.1,1201,H15_V0.5_L5.402_F0.85_fla0.1,0.31323333333333336,0.0857,0.08923333333333333,0.03846666666666666,0.035833333333333335,0.0026,2.5707333333333335,0.2326,0.3201
15,0.5,5.402,0.95,0.1,1201,H15_V0.5_L5.402_F0.95_fla0.1,0.3394666666666667,0.09146666666666667,0.08663333333333333,0.03963333333333333,0.037033333333333335,0.0026,2.6501333333333332,0.23946666666666666,0.34696666666666665
15,0.5,5.402,1,0.1,1201,H15_V0.5_L5.402_F1_fla0.1,0.35159999999999997,0.09413333333333333,0.08606666666666667,0.04013333333333333,0.0375,0.0026,2.689,0.24230000000000002,0.3598
15,0.5,5.402,1.05,0.1,1201,H15_V0.5_L5.402_F1.05_fla0.1,0.364,0.09676666666666667,0.0851,0.040600000000000004,0.038,0.0026,2.7308666666666666,0.24513333333333334,0.3723666666666667
15,0.5,5.402,1.15,0.1,1201,H15_V0.5_L5.402_F1.15_fla0.1,0.3874,0.1018,0.0826,0.041433333333333336,0.03883333333333333,0.0026,2.8142333333333336,0.25003333333333333,0.39553333333333335
15,0.5,5.402,1.25,0.1,1201,H15_V0.5_L5.402_F1.25_fla0.1,0.4124333333333333,0.10706666666666667,0.0788,0.04226666666666667,0.03963333333333333,0.0026,2.9002,0.25493333333333335,0.41960000000000003
15,0.5,5.402,1.35,0.1,1201,H15_V0.5_L5.402_F1.35_fla0.1,0.4407,0.11263333333333334,0.075,0.043166666666666666,0.04053333333333333,0.0026,2.9888666666666666,0.2602666666666667,0.447
15,0.5,5.402,1.5,0.1,1201,H15_V0.5_L5.402_F1.5_fla0.1,0.48413333333333336,0.1212,0.07056666666666667,0.04443333333333333,0.041833333333333333,0.0026,3.0980333333333334,0.2678,0.49119999999999997
15,0.5,5.402,1.6,0.1,1201,H15_V0.5_L5.402_F1.6_fla0.1,0.5068333333333334,0.12586666666666668,0.0686,0.045033333333333335,0.04243333333333334,0.0026,3.1315,0.2713,0.5157333333333334
15,0.5,5.402,1.75,0.1,1201,H15_V0.5_L5.402_F1.75_fla0.1,0.5247,0.1299,0.0678,0.04546666666666667,0.042833333333333334,0.0026,3.1506,0.27366666666666667,0.5363333333333333
15,0.5,5.402,1.85,0.1,1201,H15_V0.5_L5.402_F1.85_fla0.1,0.5311,0.13123333333333334,0.0677,0.045566666666666665,0.04296666666666667,0.0026,3.166733333333333,0.2744,0.5433666666666667
15,0.5,5.402,1.99,0.1,1201,H15_V0.5_L5.402_F1.99_fla0.1,0.5399999999999999,0.13316666666666666,0.06756666666666666,0.04576666666666667,0.04313333333333333,0.0026,3.191333333333333,0.2755666666666667,0.5530333333333334
