"","H","V","L","F","Tree","name","absPAR","absNIR","absTherm","totPs","netPs","totRf","totLE1","totLE2","totH"
"1",15,0,0.466,0.01,105,"H15_V0_L0.466_F0.01",116.9797,34.0401,45.8314,16.5013,15.2526,1.2486,2099.3389,13.0319,76.6402
"2",15,0,0.466,0.15,105,"H15_V0_L0.466_F0.15",128.3491,36.3238,45.0911,17.2168,15.9682,1.2486,2194.0537,13.5969,85.5579
"3",15,0,0.466,0.25,105,"H15_V0_L0.466_F0.25",133.5187,37.36,44.7232,17.5446,16.296,1.2486,2235.1091,13.8532,89.6786
"4",15,0,0.466,0.4,105,"H15_V0_L0.466_F0.4",136.8072,38.0083,43.9014,17.7249,16.4763,1.2486,2256.8394,13.9937,92.102
"5",15,0,0.466,0.5,105,"H15_V0_L0.466_F0.5",136.8828,38.0296,43.5837,17.6993,16.4507,1.2486,2255.3235,13.9736,92.0664
"6",15,0,0.466,0.65,105,"H15_V0_L0.466_F0.65",141.3111,38.9124,43.5025,17.909,16.6604,1.2486,2288.499,14.1395,95.8306
"7",15,0,0.466,0.75,105,"H15_V0_L0.466_F0.75",145.7733,39.822,43.0425,18.1331,16.8845,1.2486,2321.5374,14.3162,99.4279
"8",15,0,0.466,0.85,105,"H15_V0_L0.466_F0.85",150.4607,40.7627,42.9761,18.3582,17.1095,1.2486,2355.8948,14.4939,103.4688
"9",15,0,0.466,0.95,105,"H15_V0_L0.466_F0.95",155.0412,41.7561,42.5503,18.5668,17.3182,1.2486,2388.5422,14.6577,107.3332
"10",15,0,0.466,1,105,"H15_V0_L0.466_F1",157.1192,42.1982,42.5155,18.6703,17.4217,1.2486,2403.7695,14.739,109.1569
"11",15,0,0.466,1.05,105,"H15_V0_L0.466_F1.05",159.1378,42.6021,42.372,18.7699,17.5213,1.2486,2417.928,14.817,110.8511
"12",15,0,0.466,1.15,105,"H15_V0_L0.466_F1.15",161.4059,43.0919,42.177,18.8866,17.6379,1.2486,2433.7083,14.9085,112.7861
"13",15,0,0.466,1.25,105,"H15_V0_L0.466_F1.25",162.0685,43.2676,42.109,18.9189,17.6703,1.2486,2438.4067,14.9341,113.3867
"14",15,0,0.466,1.35,105,"H15_V0_L0.466_F1.35",162.0281,43.2932,42.052,18.9175,17.6689,1.2486,2438.7495,14.933,113.3333
"15",15,0,0.466,1.5,105,"H15_V0_L0.466_F1.5",161.9622,43.3328,41.9615,18.915,17.6664,1.2486,2439.4211,14.931,113.2401
"16",15,0,0.466,1.6,105,"H15_V0_L0.466_F1.6",161.9375,43.3505,41.92,18.914,17.6654,1.2486,2439.5952,14.9302,113.2081
"17",15,0,0.466,1.75,105,"H15_V0_L0.466_F1.75",161.9424,43.3452,41.9312,18.9141,17.6654,1.2486,2439.9966,14.9303,113.1946
"18",15,0,0.466,1.85,105,"H15_V0_L0.466_F1.85",161.8786,43.3891,41.8325,18.9119,17.6633,1.2486,2439.9167,14.9285,113.1373
"19",15,0,0.466,1.99,105,"H15_V0_L0.466_F1.99",161.9224,43.3621,41.8917,18.9133,17.6647,1.2486,2440.781,14.9296,113.1397
"20",15,0,1.488,0.01,313,"H15_V0_L1.488_F0.01",82.2157,27.168,50.4327,13.8254,12.5768,1.2486,1578.3983,34.708,61.4152
"21",15,0,1.488,0.15,313,"H15_V0_L1.488_F0.15",82.8501,27.2908,49.8735,13.9184,12.6698,1.2486,1580.2484,34.9165,61.7045
"22",15,0,1.488,0.25,313,"H15_V0_L1.488_F0.25",83.2425,27.3683,49.8011,13.948,12.6993,1.2486,1583.4979,34.9693,61.9791
"23",15,0,1.488,0.4,313,"H15_V0_L1.488_F0.4",84.6188,27.6268,49.4485,14.048,12.7993,1.2486,1597.8132,35.206,62.7322
"24",15,0,1.488,0.5,313,"H15_V0_L1.488_F0.5",88.5295,28.3879,48.8594,14.3445,13.0959,1.2486,1635.1036,35.9503,65.3347
"25",15,0,1.488,0.65,313,"H15_V0_L1.488_F0.65",97.3651,30.1146,47.3995,15.0316,13.783,1.2486,1708.6263,37.6792,71.6116
"26",15,0,1.488,0.75,313,"H15_V0_L1.488_F0.75",105.791,31.8582,46.7365,15.6114,14.3628,1.2486,1777.9524,39.1452,78.2568
"27",15,0,1.488,0.85,313,"H15_V0_L1.488_F0.85",117.4083,34.1845,45.3157,16.3498,15.1012,1.2486,1866.1874,41.0197,87.311
"28",15,0,1.488,0.95,313,"H15_V0_L1.488_F0.95",132.2486,37.2205,44.1334,17.2212,15.9726,1.2486,1974.0095,43.2545,99.599
"29",15,0,1.488,1,313,"H15_V0_L1.488_F1",139.0705,38.6032,42.8546,17.6192,16.3706,1.2486,2018.0409,44.2686,105.0006
"30",15,0,1.488,1.05,313,"H15_V0_L1.488_F1.05",146.3677,40.1511,42.8493,18.0461,16.7975,1.2486,2065.7419,45.3753,111.7256
"31",15,0,1.488,1.15,313,"H15_V0_L1.488_F1.15",156.4274,42.2741,42.1719,18.6213,17.3727,1.2486,2121.3267,46.8652,121.0079
"32",15,0,1.488,1.25,313,"H15_V0_L1.488_F1.25",161.015,43.3254,41.6356,18.8706,17.622,1.2486,2143.259,47.5137,125.3634
"33",15,0,1.488,1.35,313,"H15_V0_L1.488_F1.35",161.6358,43.5591,41.4511,18.9035,17.6548,1.2486,2149.6179,47.6006,125.8577
"34",15,0,1.488,1.5,313,"H15_V0_L1.488_F1.5",161.493,43.6609,41.214,18.8977,17.6491,1.2486,2155.5574,47.5853,125.4527
"35",15,0,1.488,1.6,313,"H15_V0_L1.488_F1.6",161.4315,43.7095,41.0992,18.8951,17.6465,1.2486,2157.7185,47.5784,125.2949
"36",15,0,1.488,1.75,313,"H15_V0_L1.488_F1.75",161.3992,43.7325,41.0431,18.8936,17.645,1.2486,2159.8435,47.5745,125.1672
"37",15,0,1.488,1.85,313,"H15_V0_L1.488_F1.85",161.4049,43.7288,41.0524,18.8939,17.6453,1.2486,2159.8325,47.5752,125.1736
"38",15,0,1.488,1.99,313,"H15_V0_L1.488_F1.99",161.3526,43.7695,40.9622,18.8922,17.6436,1.2486,2160.9114,47.5707,125.076
"39",15,0,2.916,0.01,613,"H15_V0_L2.916_F0.01",51.1432,20.7642,55.8676,10.3309,9.0822,1.2486,1077.5193,50.7154,50.0371
"40",15,0,2.916,0.15,613,"H15_V0_L2.916_F0.15",51.2812,20.7863,55.81,10.3599,9.1113,1.2486,1079.8718,50.8803,50.0529
"41",15,0,2.916,0.25,613,"H15_V0_L2.916_F0.25",51.8765,20.9289,55.6204,10.4308,9.1822,1.2486,1087.2241,51.2308,50.3408
"42",15,0,2.916,0.4,613,"H15_V0_L2.916_F0.4",53.1775,21.2105,54.9257,10.6103,9.3616,1.2486,1101.2377,52.0659,50.8197
"43",15,0,2.916,0.5,613,"H15_V0_L2.916_F0.5",54.0232,21.3992,54.9041,10.7031,9.4545,1.2486,1112.0291,52.4988,51.3492
"44",15,0,2.916,0.65,613,"H15_V0_L2.916_F0.65",61.1266,22.9069,53.6307,11.4285,10.1799,1.2486,1188.7045,55.9864,55.6667
"45",15,0,2.916,0.75,613,"H15_V0_L2.916_F0.75",70.5868,24.8928,51.6138,12.3236,11.0749,1.2486,1280.8365,60.2999,61.6518
"46",15,0,2.916,0.85,613,"H15_V0_L2.916_F0.85",85.4193,27.9624,50.0825,13.6483,12.3997,1.2486,1407.644,66.743,72.8638
"47",15,0,2.916,0.95,613,"H15_V0_L2.916_F0.95",106.6638,32.4156,47.8413,15.2843,14.0357,1.2486,1561.1235,74.8589,90.2337
"48",15,0,2.916,1,613,"H15_V0_L2.916_F1",118.2138,34.8134,46.5353,16.1026,14.8539,1.2486,1634.5695,78.9753,100.0553
"49",15,0,2.916,1.05,613,"H15_V0_L2.916_F1.05",130.9084,37.5248,45.2662,16.9604,15.7118,1.2486,1707.6328,83.343,111.391
"50",15,0,2.916,1.15,613,"H15_V0_L2.916_F1.15",149.0371,41.4456,43.8178,18.1604,16.9117,1.2486,1788.4299,89.5036,128.9501
"51",15,0,2.916,1.25,613,"H15_V0_L2.916_F1.25",159.0984,43.7282,42.9064,18.7707,17.5221,1.2486,1818.8042,92.7105,139.4231
"52",15,0,2.916,1.35,613,"H15_V0_L2.916_F1.35",161.3797,44.3549,42.5488,18.8935,17.6449,1.2486,1831.5621,93.3752,141.5924
"53",15,0,2.916,1.5,613,"H15_V0_L2.916_F1.5",161.2819,44.456,42.3195,18.8893,17.6407,1.2486,1842.3547,93.3522,141.0156
"54",15,0,2.916,1.6,613,"H15_V0_L2.916_F1.6",161.1885,44.5656,42.0842,18.8859,17.6373,1.2486,1847.7122,93.3336,140.6911
"55",15,0,2.916,1.75,613,"H15_V0_L2.916_F1.75",161.1585,44.5996,42.009,18.8847,17.6361,1.2486,1851.3563,93.3272,140.4999
"56",15,0,2.916,1.85,613,"H15_V0_L2.916_F1.85",161.1428,44.6199,41.9631,18.884,17.6354,1.2486,1853.979,93.3233,140.3676
"57",15,0,2.916,1.99,613,"H15_V0_L2.916_F1.99",161.1374,44.6226,41.9566,18.8838,17.6351,1.2486,1854.1946,93.3221,140.3526
"58",15,0,4.402,0.01,925,"H15_V0_L4.402_F0.01",41.2262,18.5197,57.5225,8.9441,7.6954,1.2486,1008.2327,53.9782,42.1286
"59",15,0,4.402,0.15,925,"H15_V0_L4.402_F0.15",41.6454,18.6112,57.5448,9.0207,7.7721,1.2486,1012.7305,54.4036,42.4558
"60",15,0,4.402,0.25,925,"H15_V0_L4.402_F0.25",41.5063,18.6199,57.3744,9.0075,7.7589,1.2486,1007.5016,54.3331,42.455
"61",15,0,4.402,0.4,925,"H15_V0_L4.402_F0.4",41.1352,18.6033,57.0333,8.9233,7.6747,1.2486,1006.5684,53.8533,41.8896
"62",15,0,4.402,0.5,925,"H15_V0_L4.402_F0.5",41.8862,18.8461,56.5424,8.9975,7.7489,1.2486,1023.6764,54.291,41.8169
"63",15,0,4.402,0.65,925,"H15_V0_L4.402_F0.65",48.0505,20.2633,55.0634,9.7474,8.4988,1.2486,1105.6473,58.6255,44.7428
"64",15,0,4.402,0.75,925,"H15_V0_L4.402_F0.75",57.5915,22.3906,52.4486,10.819,9.5704,1.2486,1213.3201,64.8455,49.8807
"65",15,0,4.402,0.85,925,"H15_V0_L4.402_F0.85",72.6318,25.5076,51.2388,12.3055,11.0569,1.2486,1365.8048,73.6206,60.3918
"66",15,0,4.402,0.95,925,"H15_V0_L4.402_F0.95",95.3294,30.3435,48.4919,14.2512,13.0026,1.2486,1558.4161,85.2892,77.5243
"67",15,0,4.402,1,925,"H15_V0_L4.402_F1",108.2904,33.0819,46.8759,15.2421,13.9934,1.2486,1655.6484,91.3429,87.8412
"68",15,0,4.402,1.05,925,"H15_V0_L4.402_F1.05",121.9572,35.9835,45.5893,16.2488,15.0002,1.2486,1751.0011,97.5754,99.3263
"69",15,0,4.402,1.15,925,"H15_V0_L4.402_F1.15",144.6042,40.8573,43.6974,17.8473,16.5987,1.2486,1882.8413,107.6015,119.7764
"70",15,0,4.402,1.25,925,"H15_V0_L4.402_F1.25",157.6049,43.7286,42.4161,18.6863,17.4377,1.2486,1933.1001,112.9858,132.6372
"71",15,0,4.402,1.35,925,"H15_V0_L4.402_F1.35",161.1338,44.6406,41.9324,18.8843,17.6357,1.2486,1950.6145,114.3097,136.0542
"72",15,0,4.402,1.5,925,"H15_V0_L4.402_F1.5",161.0186,44.7923,41.6033,18.8798,17.6312,1.2486,1963.3319,114.279,135.3803
"73",15,0,4.402,1.6,925,"H15_V0_L4.402_F1.6",160.9714,44.863,41.4502,18.8778,17.6292,1.2486,1969.4675,114.266,135.063
"74",15,0,4.402,1.75,925,"H15_V0_L4.402_F1.75",160.9459,44.8971,41.3735,18.8767,17.6281,1.2486,1974.4139,114.2585,134.8175
"75",15,0,4.402,1.85,925,"H15_V0_L4.402_F1.85",160.9454,44.8967,41.3726,18.8766,17.628,1.2486,1975.7268,114.2581,134.7576
"76",15,0,4.402,1.99,925,"H15_V0_L4.402_F1.99",160.9409,44.9037,41.3582,18.8765,17.6279,1.2486,1974.4126,114.2572,134.8126
"77",15,0,5.485,0.01,1176,"H15_V0_L5.485_F0.01",23.0762,14.0814,60.1805,5.7819,4.5332,1.2486,735.7863,35.9079,33.5519
"78",15,0,5.485,0.15,1176,"H15_V0_L5.485_F0.15",24.5939,14.7584,59.13,6.0364,4.7878,1.2486,772.3729,37.3981,33.4773
"79",15,0,5.485,0.25,1176,"H15_V0_L5.485_F0.25",26.7997,15.338,58.6668,6.4298,5.1812,1.2486,812.8437,39.6831,34.1722
"80",15,0,5.485,0.4,1176,"H15_V0_L5.485_F0.4",31.2337,16.5808,57.5083,7.198,5.9494,1.2486,888.5973,44.1061,35.7731
"81",15,0,5.485,0.5,1176,"H15_V0_L5.485_F0.5",35.257,17.8356,55.6338,7.8581,6.6095,1.2486,950.6458,47.8686,37.1243
"82",15,0,5.485,0.65,1176,"H15_V0_L5.485_F0.65",44.7271,20.1148,54.0557,9.1943,7.9457,1.2486,1083.8311,55.5337,41.9338
"83",15,0,5.485,0.75,1176,"H15_V0_L5.485_F0.75",55.6841,22.6417,51.9021,10.5196,9.271,1.2486,1215.5819,63.1992,48.1298
"84",15,0,5.485,0.85,1176,"H15_V0_L5.485_F0.85",71.4518,26.0863,49.4756,12.156,10.9074,1.2486,1379.287,72.773,58.4312
"85",15,0,5.485,0.95,1176,"H15_V0_L5.485_F0.95",94.4207,31.0171,46.7118,14.164,12.9153,1.2486,1581.8882,84.78,75.467
"86",15,0,5.485,1,1176,"H15_V0_L5.485_F1",107.459,33.7205,45.2366,15.1712,13.9226,1.2486,1684.0912,90.9224,85.6662
"87",15,0,5.485,1.05,1176,"H15_V0_L5.485_F1.05",121.1659,36.5985,44.0429,16.1863,14.9377,1.2486,1784.7148,97.1997,96.9737
"88",15,0,5.485,1.15,1176,"H15_V0_L5.485_F1.15",143.9952,41.4629,42.3406,17.8099,16.5613,1.2486,1926.5836,107.3705,117.2416
"89",15,0,5.485,1.25,1176,"H15_V0_L5.485_F1.25",157.2079,44.2761,41.2375,18.6691,17.4205,1.2486,1980.3275,112.8731,130.1669
"90",15,0,5.485,1.35,1176,"H15_V0_L5.485_F1.35",160.8268,45.1279,40.9046,18.8725,17.6239,1.2486,1994.9856,114.2312,133.8047
"91",15,0,5.485,1.5,1176,"H15_V0_L5.485_F1.5",160.7909,45.2054,40.7443,18.8711,17.6224,1.2486,2003.0596,114.2218,133.4152
"92",15,0,5.485,1.6,1176,"H15_V0_L5.485_F1.6",160.7826,45.2249,40.7019,18.8706,17.622,1.2486,2006.4087,114.2192,133.2581
"93",15,0,5.485,1.75,1176,"H15_V0_L5.485_F1.75",160.779,45.2331,40.6844,18.8705,17.6219,1.2486,2007.6199,114.2182,133.2009
"94",15,0,5.485,1.85,1176,"H15_V0_L5.485_F1.85",160.7804,45.2279,40.6949,18.8706,17.6219,1.2486,2007.4552,114.2187,133.2091
"95",15,0,5.485,1.99,1176,"H15_V0_L5.485_F1.99",160.7926,45.1983,40.7524,18.871,17.6223,1.2486,2006.2041,114.2212,133.273
"96",15,0.1,0.466,0.01,105,"H15_V0.1_L0.466_F0.01",117.389733333333,34.1274666666667,45.1527666666667,16.5456,15.2969333333333,1.2486,2101.94156666667,13.0647,76.5794333333333
"97",15,0.1,0.466,0.15,105,"H15_V0.1_L0.466_F0.15",127.715466666667,36.2051,44.8371666666667,17.1721,15.9234666666667,1.2486,2187.42196666667,13.5608666666667,84.9408666666667
"98",15,0.1,0.466,0.25,105,"H15_V0.1_L0.466_F0.25",134.087433333333,37.4841,44.6896,17.554,16.3054,1.2486,2238.42326666667,13.8611666666667,90.2064
"99",15,0.1,0.466,0.4,105,"H15_V0.1_L0.466_F0.4",138.334,38.3176666666667,44.0177666666667,17.8054666666667,16.5568666666667,1.2486,2268.8913,14.0571,93.4731
"100",15,0.1,0.466,0.5,105,"H15_V0.1_L0.466_F0.5",139.225766666667,38.4832666666667,43.9841333333333,17.8374666666667,16.5888666666667,1.2486,2274.36263333333,14.0821,94.2576666666667
"101",15,0.1,0.466,0.65,105,"H15_V0.1_L0.466_F0.65",141.675433333333,38.9819666666667,43.5414666666667,17.9333666666667,16.6847666666667,1.2486,2291.2242,14.1580666666667,96.1660666666667
"102",15,0.1,0.466,0.75,105,"H15_V0.1_L0.466_F0.75",144.886,39.6486666666667,43.2426,18.0883666666667,16.8397333333333,1.2486,2315.20336666667,14.2805,98.7821666666667
"103",15,0.1,0.466,0.85,105,"H15_V0.1_L0.466_F0.85",149.401166666667,40.5510333333333,43.0463,18.3055333333333,17.0569,1.2486,2348.35146666667,14.4522666666667,102.5825
"104",15,0.1,0.466,0.95,105,"H15_V0.1_L0.466_F0.95",154.1821,41.5848666666667,42.6151333333333,18.5339,17.2853,1.2486,2382.72486666667,14.6321333333333,106.6071
"105",15,0.1,0.466,1,105,"H15_V0.1_L0.466_F1",155.861566666667,41.9402666666667,42.5313333333333,18.6165666666667,17.3679666666667,1.2486,2395.06126666667,14.6969666666667,108.0409
"106",15,0.1,0.466,1.05,105,"H15_V0.1_L0.466_F1.05",157.693866666667,42.3223333333333,42.4382,18.7058,17.4571,1.2486,2408.0323,14.7668666666667,109.6179
"107",15,0.1,0.466,1.15,105,"H15_V0.1_L0.466_F1.15",160.230666666667,42.8673,42.2537666666667,18.8277666666667,17.5791666666667,1.2486,2425.6893,14.8626,111.800933333333
"108",15,0.1,0.466,1.25,105,"H15_V0.1_L0.466_F1.25",161.3949,43.1383333333333,42.1277333333333,18.8862666666667,17.6376333333333,1.2486,2434.03923333333,14.9083,112.794966666667
"109",15,0.1,0.466,1.35,105,"H15_V0.1_L0.466_F1.35",161.9086,43.2583333333333,42.0699666666667,18.9118,17.6631666666667,1.2486,2437.9039,14.9284333333333,113.224133333333
"110",15,0.1,0.466,1.5,105,"H15_V0.1_L0.466_F1.5",161.9991,43.3104666666667,42.0134666666667,18.9165,17.6678666666667,1.2486,2439.34546666667,14.9322,113.2793
"111",15,0.1,0.466,1.6,105,"H15_V0.1_L0.466_F1.6",161.9661,43.3326666666667,41.9600333333333,18.9149,17.6663,1.2486,2439.6378,14.9309666666667,113.233333333333
"112",15,0.1,0.466,1.75,105,"H15_V0.1_L0.466_F1.75",161.931933333333,43.3549,41.9076,18.9135333333333,17.6649,1.2486,2439.91016666667,14.9298,113.187466666667
"113",15,0.1,0.466,1.85,105,"H15_V0.1_L0.466_F1.85",161.916266666667,43.3646666666667,41.8872666666667,18.9131666666667,17.6645666666667,1.2486,2440.01406666667,14.9295666666667,113.168766666667
"114",15,0.1,0.466,1.99,105,"H15_V0.1_L0.466_F1.99",161.928133333333,43.3565666666667,41.9046666666667,18.9135,17.6649,1.2486,2440.42706666667,14.9298,113.161233333333
"115",15,0.1,1.488,0.01,313,"H15_V0.1_L1.488_F0.01",83.4501,27.4008333333333,49.9852333333333,13.9077,12.6591,1.2486,1589.75856666667,34.9123333333333,62.0698666666667
"116",15,0.1,1.488,0.15,313,"H15_V0.1_L1.488_F0.15",86.7873,28.0864,49.3512666666667,14.2516,13.003,1.2486,1619.4459,35.7433,64.3361666666667
"117",15,0.1,1.488,0.25,313,"H15_V0.1_L1.488_F0.25",87.8612666666667,28.3024333333333,49.182,14.3848333333333,13.1362333333333,1.2486,1625.49286666667,36.0402666666667,65.2365666666667
"118",15,0.1,1.488,0.4,313,"H15_V0.1_L1.488_F0.4",89.2487,28.5828666666667,48.8701666666667,14.4967666666667,13.2481666666667,1.2486,1636.58386666667,36.2942,66.2047666666667
"119",15,0.1,1.488,0.5,313,"H15_V0.1_L1.488_F0.5",91.4162333333333,28.9848333333333,48.6920666666667,14.6377,13.3890666666667,1.2486,1658.65453333333,36.6575666666667,67.6544
"120",15,0.1,1.488,0.65,313,"H15_V0.1_L1.488_F0.65",99.3256333333333,30.5382,47.2074666666667,15.2098,13.9611666666667,1.2486,1724.65006666667,38.1048333333333,73.1638333333333
"121",15,0.1,1.488,0.75,313,"H15_V0.1_L1.488_F0.75",107.422066666667,32.1994,46.5890333333333,15.7442666666667,14.4956666666667,1.2486,1788.94043333333,39.4716333333333,79.6434
"122",15,0.1,1.488,0.85,313,"H15_V0.1_L1.488_F0.85",118.154433333333,34.3526333333333,45.0994,16.4166666666667,15.1680333333333,1.2486,1870.29443333333,41.1830666666667,87.9057
"123",15,0.1,1.488,0.95,313,"H15_V0.1_L1.488_F0.95",130.6291,36.9348333333333,44.1721333333333,17.1762333333333,15.9276333333333,1.2486,1960.55056666667,43.1294,98.3355666666667
"124",15,0.1,1.488,1,313,"H15_V0.1_L1.488_F1",136.960966666667,38.2137666666667,42.9605666666667,17.5454333333333,16.2968333333333,1.2486,2001.42423333333,44.0718333333333,103.330466666667
"125",15,0.1,1.488,1.05,313,"H15_V0.1_L1.488_F1.05",143.055,39.4848,42.9878333333333,17.8923666666667,16.6437666666667,1.2486,2042.15086666667,44.9727333333333,108.8948
"126",15,0.1,1.488,1.15,313,"H15_V0.1_L1.488_F1.15",153.076633333333,41.5747666666667,42.3363,18.4481333333333,17.1994666666667,1.2486,2102.84186666667,46.4136,117.886633333333
"127",15,0.1,1.488,1.25,313,"H15_V0.1_L1.488_F1.25",158.9088,42.8867333333333,41.8151333333333,18.7631333333333,17.5145333333333,1.2486,2134.22526666667,47.2337666666667,123.336833333333
"128",15,0.1,1.488,1.35,313,"H15_V0.1_L1.488_F1.35",161.193433333333,43.4514666666667,41.4804666666667,18.8814666666667,17.6328666666667,1.2486,2147.4436,47.5427,125.4169
"129",15,0.1,1.488,1.5,313,"H15_V0.1_L1.488_F1.5",161.515066666667,43.6446,41.2507,18.8984333333333,17.6498333333333,1.2486,2154.67626666667,47.5873666666667,125.5131
"130",15,0.1,1.488,1.6,313,"H15_V0.1_L1.488_F1.6",161.4553,43.6900666666667,41.1429333333333,18.8959333333333,17.6473333333333,1.2486,2157.11743333333,47.5806666666667,125.344533333333
"131",15,0.1,1.488,1.75,313,"H15_V0.1_L1.488_F1.75",161.4385,43.7028,41.1105666666667,18.8950666666667,17.6464666666667,1.2486,2158.86553333333,47.5784,125.248766666667
"132",15,0.1,1.488,1.85,313,"H15_V0.1_L1.488_F1.85",161.3926,43.7394,41.0299666666667,18.8936,17.645,1.2486,2159.56193333333,47.5744666666667,125.174433333333
"133",15,0.1,1.488,1.99,313,"H15_V0.1_L1.488_F1.99",161.364866666667,43.7626666666667,40.9737333333333,18.8923,17.6437,1.2486,2161.25396666667,47.571,125.070566666667
"134",15,0.1,2.916,0.01,613,"H15_V0.1_L2.916_F0.01",54.5175333333333,21.5756333333333,54.9019,10.7927,9.5441,1.2486,1110.17706666667,52.8973333333333,52.147
"135",15,0.1,2.916,0.15,613,"H15_V0.1_L2.916_F0.15",54.7410333333333,21.5741,55.0958666666667,10.8283666666667,9.57976666666667,1.2486,1112.8175,53.0747333333333,52.3581666666667
"136",15,0.1,2.916,0.25,613,"H15_V0.1_L2.916_F0.25",55.2026333333333,21.6322,55.3078,10.8837666666667,9.63513333333333,1.2486,1118.3231,53.3358,52.7587
"137",15,0.1,2.916,0.4,613,"H15_V0.1_L2.916_F0.4",55.8245,21.7785333333333,54.9123666666667,10.9682666666667,9.71963333333333,1.2486,1125.4791,53.7233666666667,52.9381333333333
"138",15,0.1,2.916,0.5,613,"H15_V0.1_L2.916_F0.5",57.4552666666667,22.1888,54.1835333333333,11.1420666666667,9.89343333333333,1.2486,1144.57853333333,54.5578666666667,53.6506666666667
"139",15,0.1,2.916,0.65,613,"H15_V0.1_L2.916_F0.65",64.3949,23.6253333333333,52.7521333333333,11.8384,10.5898,1.2486,1220.2264,57.9295,57.6657333333333
"140",15,0.1,2.916,0.75,613,"H15_V0.1_L2.916_F0.75",73.8462333333333,25.5887666666667,51.5709333333333,12.7460666666667,11.4974666666667,1.2486,1308.81303333333,62.3188333333333,64.3290333333333
"141",15,0.1,2.916,0.85,613,"H15_V0.1_L2.916_F0.85",86.8191666666667,28.3095333333333,49.6535333333333,13.8710333333333,12.6224333333333,1.2486,1414.9025,67.8031,74.0223333333333
"142",15,0.1,2.916,0.95,613,"H15_V0.1_L2.916_F0.95",104.5434,32.0667666666667,47.4069666666667,15.2658666666667,14.0172666666667,1.2486,1542.1917,74.6937666666667,88.3591
"143",15,0.1,2.916,1,613,"H15_V0.1_L2.916_F1",114.473966666667,34.1601333333333,46.2667,15.9732,14.7246,1.2486,1606.5375,78.2432333333333,96.7840666666667
"144",15,0.1,2.916,1.05,613,"H15_V0.1_L2.916_F1.05",124.022033333333,36.1491333333333,45.8440333333333,16.6342666666667,15.3856666666667,1.2486,1663.01753333333,81.5973333333333,105.522766666667
"145",15,0.1,2.916,1.15,613,"H15_V0.1_L2.916_F1.15",142.2869,40.0763,44.2977333333333,17.7995666666667,16.5509,1.2486,1756.70366666667,87.5945666666667,122.573833333333
"146",15,0.1,2.916,1.25,613,"H15_V0.1_L2.916_F1.25",154.339566666667,42.7233666666667,43.2298333333333,18.5119666666667,17.2633666666667,1.2486,1805.78136666667,91.3266333333333,134.448466666667
"147",15,0.1,2.916,1.35,613,"H15_V0.1_L2.916_F1.35",159.7913,43.9772666666667,42.7207,18.8121666666667,17.5635333333333,1.2486,1826.4271,92.9316333333333,139.949433333333
"148",15,0.1,2.916,1.5,613,"H15_V0.1_L2.916_F1.5",161.214066666667,44.4276666666667,42.3546,18.8860666666667,17.6374333333333,1.2486,1839.1235,93.3343333333333,141.0802
"149",15,0.1,2.916,1.6,613,"H15_V0.1_L2.916_F1.6",161.238833333333,44.5100333333333,42.2054,18.8878333333333,17.6392333333333,1.2486,1843.09286666667,93.3442666666667,140.944166666667
"150",15,0.1,2.916,1.75,613,"H15_V0.1_L2.916_F1.75",161.190266666667,44.5624333333333,42.0894,18.8859,17.6372666666667,1.2486,1848.5506,93.3335333333333,140.654533333333
"151",15,0.1,2.916,1.85,613,"H15_V0.1_L2.916_F1.85",161.165333333333,44.5924666666667,42.0232,18.8848666666667,17.6362666666667,1.2486,1851.0132,93.3281,140.521066666667
"152",15,0.1,2.916,1.99,613,"H15_V0.1_L2.916_F1.99",161.1639,44.5907333333333,42.0245666666667,18.8847,17.6360666666667,1.2486,1852.2871,93.3272333333333,140.461766666667
"153",15,0.1,4.402,0.01,925,"H15_V0.1_L4.402_F0.01",42.7414,18.8843666666667,57.2143,9.18886666666667,7.94023333333333,1.2486,1022.95673333333,55.3509,43.144
"154",15,0.1,4.402,0.15,925,"H15_V0.1_L4.402_F0.15",42.5454,18.8647333333333,57.0432666666667,9.1532,7.90456666666667,1.2486,1020.35946666667,55.1263666666667,42.9380666666667
"155",15,0.1,4.402,0.25,925,"H15_V0.1_L4.402_F0.25",42.5087,18.9593666666667,56.2907666666667,9.14203333333333,7.89343333333333,1.2486,1021.9453,55.0515666666667,42.4552333333333
"156",15,0.1,4.402,0.4,925,"H15_V0.1_L4.402_F0.4",43.1767,19.078,56.5881666666667,9.2239,7.97523333333333,1.2486,1037.10763333333,55.5454,42.7394
"157",15,0.1,4.402,0.5,925,"H15_V0.1_L4.402_F0.5",45.2388333333333,19.6003,55.9666333333333,9.4852,8.2366,1.2486,1064.29,57.0596333333333,43.7150333333333
"158",15,0.1,4.402,0.65,925,"H15_V0.1_L4.402_F0.65",52.3230333333333,21.2208,54.1026666666667,10.3084,9.0598,1.2486,1155.8656,61.8592,47.1002
"159",15,0.1,4.402,0.75,925,"H15_V0.1_L4.402_F0.75",62.2418333333333,23.3432333333333,52.8495,11.3835,10.1349,1.2486,1263.7786,68.1655,53.471
"160",15,0.1,4.402,0.85,925,"H15_V0.1_L4.402_F0.85",77.0470666666667,26.5681333333333,49.7448333333333,12.8420333333333,11.5934,1.2486,1403.7439,76.7295,63.2255666666667
"161",15,0.1,4.402,0.95,925,"H15_V0.1_L4.402_F0.95",96.521,30.7056666666667,48.0764333333333,14.4991666666667,13.2505666666667,1.2486,1567.2388,86.7050333333333,78.4537666666667
"162",15,0.1,4.402,1,925,"H15_V0.1_L4.402_F1",107.5675,33.0570666666667,46.4350333333333,15.3660666666667,14.1174333333333,1.2486,1647.78356666667,91.9666,87.1930333333333
"163",15,0.1,4.402,1.05,925,"H15_V0.1_L4.402_F1.05",119.0831,35.5107666666667,45.4946666666667,16.1974666666667,14.9488666666667,1.2486,1727.64506666667,97.1277666666667,97.0013666666667
"164",15,0.1,4.402,1.15,925,"H15_V0.1_L4.402_F1.15",139.2044,39.8090666666667,43.7712333333333,17.5610333333333,16.3124333333333,1.2486,1851.1069,105.707066666667,114.8246
"165",15,0.1,4.402,1.25,925,"H15_V0.1_L4.402_F1.25",152.972633333333,42.7884333333333,42.6528666666667,18.4176666666667,17.1690666666667,1.2486,1917.4548,111.226666666667,127.928833333333
"166",15,0.1,4.402,1.35,925,"H15_V0.1_L4.402_F1.35",159.283066666667,44.2377,42.0717,18.7813,17.5326666666667,1.2486,1945.54826666667,113.624433333333,134.112166666667
"167",15,0.1,4.402,1.5,925,"H15_V0.1_L4.402_F1.5",160.992366666667,44.7412333333333,41.6985,18.8781333333333,17.6295,1.2486,1960.8568,114.2679,135.4576
"168",15,0.1,4.402,1.6,925,"H15_V0.1_L4.402_F1.6",161.004566666667,44.8117333333333,41.5579,18.8790333333333,17.6304,1.2486,1966.34746666667,114.274233333333,135.231266666667
"169",15,0.1,4.402,1.75,925,"H15_V0.1_L4.402_F1.75",160.9769,44.8495333333333,41.4737333333333,18.8779,17.6292333333333,1.2486,1971.0415,114.2664,134.995233333333
"170",15,0.1,4.402,1.85,925,"H15_V0.1_L4.402_F1.85",160.9714,44.8567666666667,41.4584666666667,18.8776666666667,17.6290333333333,1.2486,1971.71083333333,114.265133333333,134.9605
"171",15,0.1,4.402,1.99,925,"H15_V0.1_L4.402_F1.99",160.959966666667,44.8763666666667,41.4193666666667,18.8773,17.6287,1.2486,1972.5406,114.262633333333,134.914433333333
"172",15,0.1,5.485,0.01,1176,"H15_V0.1_L5.485_F0.01",23.9137333333333,14.3151666666667,60.0051666666667,5.94633333333333,4.6977,1.2486,752.4493,36.8517,33.7565333333333
"173",15,0.1,5.485,0.15,1176,"H15_V0.1_L5.485_F0.15",25.8100666666667,14.9079,59.4019333333333,6.2587,5.0101,1.2486,793.6676,38.6921333333333,34.0259666666667
"174",15,0.1,5.485,0.25,1176,"H15_V0.1_L5.485_F0.25",28.265,15.6523333333333,58.5122666666667,6.68666666666667,5.43806666666667,1.2486,838.0666,41.1797,34.7109666666667
"175",15,0.1,5.485,0.4,1176,"H15_V0.1_L5.485_F0.4",33.2826666666667,17.0727,57.2296,7.55403333333333,6.30543333333333,1.2486,920.735933333333,46.1808333333333,36.6883666666667
"176",15,0.1,5.485,0.5,1176,"H15_V0.1_L5.485_F0.5",37.4052333333333,18.2448666666667,55.9526,8.22266666666667,6.97406666666667,1.2486,983.0296,49.9955,38.4297333333333
"177",15,0.1,5.485,0.65,1176,"H15_V0.1_L5.485_F0.65",46.5719333333333,20.5926333333333,53.6516666666667,9.51286666666667,8.26426666666667,1.2486,1106.975,57.3618,42.9542666666667
"178",15,0.1,5.485,0.75,1176,"H15_V0.1_L5.485_F0.75",56.1675666666667,22.8194666666667,51.4943333333333,10.6618,9.4132,1.2486,1219.58443333333,63.9522666666667,48.3571333333333
"179",15,0.1,5.485,0.85,1176,"H15_V0.1_L5.485_F0.85",69.8388666666667,25.7924333333333,49.8327,12.0992666666667,10.8506333333333,1.2486,1362.44893333333,72.3265333333333,57.5277333333333
"180",15,0.1,5.485,0.95,1176,"H15_V0.1_L5.485_F0.95",88.7048666666667,29.8369,47.3982333333333,13.8053666666667,12.5567666666667,1.2486,1532.33793333333,82.45,71.2520333333333
"181",15,0.1,5.485,1,1176,"H15_V0.1_L5.485_F1",99.9113,32.1928666666667,46.1559,14.7025,13.4538,1.2486,1623.4672,87.8968666666667,79.9251666666667
"182",15,0.1,5.485,1.05,1176,"H15_V0.1_L5.485_F1.05",111.383366666667,34.6393333333333,44.8952333333333,15.5878333333333,14.3392333333333,1.2486,1710.9736,93.3146,89.1105
"183",15,0.1,5.485,1.15,1176,"H15_V0.1_L5.485_F1.15",134.127333333333,39.4106333333333,42.8243,17.1946333333333,15.946,1.2486,1864.14476666667,103.367433333333,108.431766666667
"184",15,0.1,5.485,1.25,1176,"H15_V0.1_L5.485_F1.25",150.694466666667,42.9304666666667,41.6631666666667,18.2771,17.0285,1.2486,1955.40453333333,110.306566666667,123.705433333333
"185",15,0.1,5.485,1.35,1176,"H15_V0.1_L5.485_F1.35",158.502533333333,44.6248,41.0154333333333,18.7495333333333,17.5009333333333,1.2486,1988.67953333333,113.395866666667,131.3236
"186",15,0.1,5.485,1.5,1176,"H15_V0.1_L5.485_F1.5",160.800166666667,45.1838,40.7876,18.8713666666667,17.6227666666667,1.2486,2001.84926666667,114.224,133.475966666667
"187",15,0.1,5.485,1.6,1176,"H15_V0.1_L5.485_F1.6",160.786733333333,45.2147,40.7234333333333,18.8708333333333,17.6222,1.2486,2005.0997,114.2204,133.319933333333
"188",15,0.1,5.485,1.75,1176,"H15_V0.1_L5.485_F1.75",160.779633333333,45.2307666666667,40.6892333333333,18.8705,17.6219,1.2486,2007.19743333333,114.2184,133.220166666667
"189",15,0.1,5.485,1.85,1176,"H15_V0.1_L5.485_F1.85",160.783133333333,45.2210333333333,40.7076333333333,18.8706333333333,17.6220333333333,1.2486,2007.09836666667,114.219066666667,133.226533333333
"190",15,0.1,5.485,1.99,1176,"H15_V0.1_L5.485_F1.99",160.792733333333,45.1975333333333,40.7548,18.871,17.6224,1.2486,2005.41046666667,114.221333333333,133.308833333333
"191",15,0.25,0.466,0.01,105,"H15_V0.25_L0.466_F0.01",118.809,34.3995,44.9036333333333,16.6349666666667,15.3863666666667,1.2486,2113.4712,13.1339333333333,77.5849333333333
"192",15,0.25,0.466,0.15,105,"H15_V0.25_L0.466_F0.15",128.371133333333,36.3223,44.8519333333333,17.2036666666667,15.9550666666667,1.2486,2191.71263333333,13.5821666666667,85.5218
"193",15,0.25,0.466,0.25,105,"H15_V0.25_L0.466_F0.25",134.827266666667,37.6265,44.4536666666667,17.572,16.3234,1.2486,2241.87036666667,13.8726666666667,90.7774666666667
"194",15,0.25,0.466,0.4,105,"H15_V0.25_L0.466_F0.4",141.3561,38.9353333333333,44.0782666666667,17.9438333333333,16.6951666666667,1.2486,2290.94653333333,14.1658666666667,96.1662666666667
"195",15,0.25,0.466,0.5,105,"H15_V0.25_L0.466_F0.5",142.975566666667,39.2488333333333,43.5736666666667,18.0318666666667,16.7832333333333,1.2486,2301.42943333333,14.2347333333333,97.2981666666667
"196",15,0.25,0.466,0.65,105,"H15_V0.25_L0.466_F0.65",144.688,39.6022,43.5349666666667,18.1059666666667,16.8573666666667,1.2486,2314.06226666667,14.2930666666667,98.7732
"197",15,0.25,0.466,0.75,105,"H15_V0.25_L0.466_F0.75",146.525633333333,39.9894,43.4101333333333,18.191,16.9424,1.2486,2328.13166666667,14.3599333333333,100.2925
"198",15,0.25,0.466,0.85,105,"H15_V0.25_L0.466_F0.85",148.696433333333,40.4467333333333,43.2195666666667,18.2943333333333,17.0457333333333,1.2486,2344.3524,14.4414333333333,102.078866666667
"199",15,0.25,0.466,0.95,105,"H15_V0.25_L0.466_F0.95",151.501266666667,41.0776666666667,42.9058333333333,18.4237666666667,17.1751,1.2486,2364.677,14.5441,104.428133333333
"200",15,0.25,0.466,1,105,"H15_V0.25_L0.466_F1",152.968233333333,41.395,42.7640666666667,18.4907,17.2421,1.2486,2375.19526666667,14.5972333333333,105.658033333333
"201",15,0.25,0.466,1.05,105,"H15_V0.25_L0.466_F1.05",154.493733333333,41.7069333333333,42.6126,18.5608,17.3122,1.2486,2385.90306666667,14.6528,106.9194
"202",15,0.25,0.466,1.15,105,"H15_V0.25_L0.466_F1.15",157.043533333333,42.2515333333333,42.4121666666667,18.6803,17.4316666666667,1.2486,2404.07676666667,14.7473,109.081533333333
"203",15,0.25,0.466,1.25,105,"H15_V0.25_L0.466_F1.25",158.819133333333,42.6210666666667,42.2342,18.7660333333333,17.5174333333333,1.2486,2416.8156,14.8144333333333,110.5449
"204",15,0.25,0.466,1.35,105,"H15_V0.25_L0.466_F1.35",160.181333333333,42.9106666666667,42.1456,18.8300333333333,17.5814333333333,1.2486,2426.26483333333,14.8643,111.720633333333
"205",15,0.25,0.466,1.5,105,"H15_V0.25_L0.466_F1.5",161.3009,43.1489,42.0963,18.8826,17.634,1.2486,2434.5541,14.9054,112.679966666667
"206",15,0.25,0.466,1.6,105,"H15_V0.25_L0.466_F1.6",161.795366666667,43.2672,42.0137666666667,18.9064666666667,17.6578666666667,1.2486,2438.19573333333,14.9242666666667,113.083566666667
"207",15,0.25,0.466,1.75,105,"H15_V0.25_L0.466_F1.75",161.941933333333,43.3496333333333,41.9215,18.9141333333333,17.6655,1.2486,2439.77906666667,14.9303,113.203733333333
"208",15,0.25,0.466,1.85,105,"H15_V0.25_L0.466_F1.85",161.930433333333,43.3550666666667,41.9074666666667,18.9134666666667,17.6648666666667,1.2486,2440.11623333333,14.9298,113.177066666667
"209",15,0.25,0.466,1.99,105,"H15_V0.25_L0.466_F1.99",161.936966666667,43.3511666666667,41.9158666666667,18.9137,17.6650333333333,1.2486,2440.10023333333,14.9299666666667,113.1838
"210",15,0.25,1.488,0.01,313,"H15_V0.25_L1.488_F0.01",87.4235666666667,28.2097333333333,49.4023666666667,14.2476666666667,12.9990333333333,1.2486,1624.9043,35.7386333333333,64.8897333333333
"211",15,0.25,1.488,0.15,313,"H15_V0.25_L1.488_F0.15",93.0679666666667,29.3373666666667,48.8586333333333,14.7657333333333,13.5171,1.2486,1675.5305,37.0121666666667,69.0209333333333
"212",15,0.25,1.488,0.25,313,"H15_V0.25_L1.488_F0.25",96.069,29.9419,48.4466333333333,15.0661333333333,13.8175333333333,1.2486,1697.7695,37.7322,71.3502333333333
"213",15,0.25,1.488,0.4,313,"H15_V0.25_L1.488_F0.4",97.5435666666667,30.2657666666667,47.9297333333333,15.2301,13.9814666666667,1.2486,1705.88023333333,38.1135,72.4519666666667
"214",15,0.25,1.488,0.5,313,"H15_V0.25_L1.488_F0.5",98.4568,30.4265666666667,47.7156,15.2728,14.0241666666667,1.2486,1714.94593333333,38.2217666666667,72.9712333333333
"215",15,0.25,1.488,0.65,313,"H15_V0.25_L1.488_F0.65",104.5295,31.6479666666667,46.8578333333333,15.6519,14.4032666666667,1.2486,1765.8361,39.1945333333333,77.4236
"216",15,0.25,1.488,0.75,313,"H15_V0.25_L1.488_F0.75",110.668466666667,32.9146666666667,46.1085333333333,16.0458333333333,14.7972,1.2486,1813.27953333333,40.2039333333333,82.2252666666667
"217",15,0.25,1.488,0.85,313,"H15_V0.25_L1.488_F0.85",119.082166666667,34.6369666666667,45.1441666666667,16.5522,15.3036,1.2486,1875.50893333333,41.5014,88.9500333333333
"218",15,0.25,1.488,0.95,313,"H15_V0.25_L1.488_F0.95",127.467166666667,36.3692,44.1437333333333,17.0699,15.8213,1.2486,1934.27473333333,42.8263333333333,95.7977333333333
"219",15,0.25,1.488,1,313,"H15_V0.25_L1.488_F1",131.7131,37.2518,44.1254,17.3177666666667,16.0691666666667,1.2486,1964.3728,43.4696333333333,99.5719333333333
"220",15,0.25,1.488,1.05,313,"H15_V0.25_L1.488_F1.05",135.434066666667,38.0359666666667,43.7911666666667,17.5355,16.2868666666667,1.2486,1989.26976666667,44.0326666666667,102.753033333333
"221",15,0.25,1.488,1.15,313,"H15_V0.25_L1.488_F1.15",142.909766666667,39.5965,43.0087,17.9390333333333,16.6904333333333,1.2486,2039.55026666667,45.0844,109.046766666667
"222",15,0.25,1.488,1.25,313,"H15_V0.25_L1.488_F1.25",149.493033333333,40.9908,42.3357666666667,18.2866666666667,17.0380333333333,1.2486,2082.79126666667,45.9896333333333,114.675233333333
"223",15,0.25,1.488,1.35,313,"H15_V0.25_L1.488_F1.35",155.2762,42.2312333333333,41.8775333333333,18.5825,17.3338666666667,1.2486,2118.85986666667,46.7619333333333,119.8137
"224",15,0.25,1.488,1.5,313,"H15_V0.25_L1.488_F1.5",160.1955,43.3050666666667,41.4345,18.8321333333333,17.5834666666667,1.2486,2146.66476666667,47.4135,124.303533333333
"225",15,0.25,1.488,1.6,313,"H15_V0.25_L1.488_F1.6",161.2537,43.5743,41.2789333333333,18.8856333333333,17.637,1.2486,2153.1748,47.5532666666667,125.2602
"226",15,0.25,1.488,1.75,313,"H15_V0.25_L1.488_F1.75",161.469966666667,43.6794666666667,41.1688333333333,18.8966666666667,17.6480333333333,1.2486,2156.28493333333,47.5825333333333,125.396566666667
"227",15,0.25,1.488,1.85,313,"H15_V0.25_L1.488_F1.85",161.421833333333,43.7177,41.081,18.8948333333333,17.6462,1.2486,2158.04793333333,47.5776,125.270966666667
"228",15,0.25,1.488,1.99,313,"H15_V0.25_L1.488_F1.99",161.369233333333,43.7584,40.9847,18.8925666666667,17.6439666666667,1.2486,2160.8916,47.5716666666667,125.0916
"229",15,0.25,2.916,0.01,613,"H15_V0.25_L2.916_F0.01",59.2853666666667,22.5447,54.732,11.3956333333333,10.1470333333333,1.2486,1155.5903,55.7018333333333,55.7048333333333
"230",15,0.25,2.916,0.15,613,"H15_V0.25_L2.916_F0.15",59.4312,22.5796666666667,54.5997666666667,11.4326333333333,10.1840333333333,1.2486,1155.4575,55.8782666666667,55.8086333333333
"231",15,0.25,2.916,0.25,613,"H15_V0.25_L2.916_F0.25",60.1475666666667,22.7278333333333,54.3712333333333,11.5134666666667,10.2648666666667,1.2486,1165.31803333333,56.2695666666667,56.0815333333333
"232",15,0.25,2.916,0.4,613,"H15_V0.25_L2.916_F0.4",63.0331333333333,23.3734333333333,53.4536333333333,11.8292666666667,10.5806666666667,1.2486,1198.8298,57.7782333333333,57.5027666666667
"233",15,0.25,2.916,0.5,613,"H15_V0.25_L2.916_F0.5",67.2170666666667,24.2036666666667,53.3566333333333,12.2567333333333,11.0081,1.2486,1243.2754,59.8541,60.4417666666667
"234",15,0.25,2.916,0.65,613,"H15_V0.25_L2.916_F0.65",76.279,26.2205,51.1496,13.1841333333333,11.9355,1.2486,1320.8885,64.3191666666667,66.6205333333333
"235",15,0.25,2.916,0.75,613,"H15_V0.25_L2.916_F0.75",83.4829,27.784,50.1201666666667,13.8434333333333,12.5948333333333,1.2486,1378.39276666667,67.5319,72.1591333333333
"236",15,0.25,2.916,0.85,613,"H15_V0.25_L2.916_F0.85",91.2042333333333,29.443,49.6512,14.4985666666667,13.2499666666667,1.2486,1438.49133333333,70.7563,78.5731
"237",15,0.25,2.916,0.95,613,"H15_V0.25_L2.916_F0.95",100.562633333333,31.4275,47.9974666666667,15.2349666666667,13.9863333333333,1.2486,1501.76,74.3866,86.0091
"238",15,0.25,2.916,1,613,"H15_V0.25_L2.916_F1",105.5684,32.4881666666667,46.9215666666667,15.5939,14.3452666666667,1.2486,1534.3419,76.1662666666667,89.9232333333333
"239",15,0.25,2.916,1.05,613,"H15_V0.25_L2.916_F1.05",111.3131,33.6886,46.8403666666667,15.9844666666667,14.7358666666667,1.2486,1572.80746666667,78.1570666666667,95.1011333333333
"240",15,0.25,2.916,1.15,613,"H15_V0.25_L2.916_F1.15",123.2206,36.2153666666667,45.7356666666667,16.7369,15.4883,1.2486,1650.63486666667,82.0151333333333,105.363733333333
"241",15,0.25,2.916,1.25,613,"H15_V0.25_L2.916_F1.25",136.154333333333,38.9183,44.5166333333333,17.5155333333333,16.2669333333333,1.2486,1723.78106666667,86.0476333333333,116.9422
"242",15,0.25,2.916,1.35,613,"H15_V0.25_L2.916_F1.35",147.1467,41.2984,43.5570666666667,18.1503333333333,16.9017333333333,1.2486,1777.85356666667,89.3759666666667,127.3163
"243",15,0.25,2.916,1.5,613,"H15_V0.25_L2.916_F1.5",156.851,43.4195,42.7881,18.6723,17.4236666666667,1.2486,1817.7881,92.1641333333333,136.903133333333
"244",15,0.25,2.916,1.6,613,"H15_V0.25_L2.916_F1.6",159.424,44.0247,42.5332666666667,18.7985666666667,17.5499333333333,1.2486,1831.1599,92.8542,139.347633333333
"245",15,0.25,2.916,1.75,613,"H15_V0.25_L2.916_F1.75",160.844433333333,44.3931333333333,42.2908333333333,18.8676,17.6189666666667,1.2486,1842.12633333333,93.2330666666667,140.518666666667
"246",15,0.25,2.916,1.85,613,"H15_V0.25_L2.916_F1.85",161.165566666667,44.4715333333333,42.2566,18.8838666666667,17.6352333333333,1.2486,1844.56453333333,93.3225666666667,140.791933333333
"247",15,0.25,2.916,1.99,613,"H15_V0.25_L2.916_F1.99",161.247833333333,44.493,42.2358666666667,18.8878333333333,17.6392,1.2486,1844.30773333333,93.3444333333333,140.895366666667
"248",15,0.25,4.402,0.01,925,"H15_V0.25_L4.402_F0.01",44.8806,19.359,56.8564,9.45116666666667,8.20256666666667,1.2486,1053.17026666667,56.8634,44.1464333333333
"249",15,0.25,4.402,0.15,925,"H15_V0.25_L4.402_F0.15",46.2281333333333,19.6895666666667,56.5128666666667,9.64593333333333,8.39726666666667,1.2486,1068.5316,57.9395,44.9221333333333
"250",15,0.25,4.402,0.25,925,"H15_V0.25_L4.402_F0.25",47.1102666666667,19.973,55.9977,9.7713,8.5227,1.2486,1081.843,58.6442,45.1722666666667
"251",15,0.25,4.402,0.4,925,"H15_V0.25_L4.402_F0.4",49.6265666666667,20.5367,55.3119666666667,10.1020666666667,8.85346666666667,1.2486,1113.7822,60.5562333333333,46.3680666666667
"252",15,0.25,4.402,0.5,925,"H15_V0.25_L4.402_F0.5",53.1004666666667,21.3499666666667,54.7301,10.5309333333333,9.28226666666667,1.2486,1156.7309,63.0505666666667,48.3664666666667
"253",15,0.25,4.402,0.65,925,"H15_V0.25_L4.402_F0.65",61.6525666666667,23.2587333333333,53.0447,11.4890666666667,10.2404666666667,1.2486,1253.3565,68.6457,53.4056666666667
"254",15,0.25,4.402,0.75,925,"H15_V0.25_L4.402_F0.75",70.2798333333333,25.2451,50.9320333333333,12.3956666666667,11.1470666666667,1.2486,1337.3518,73.9426333333333,58.9127666666667
"255",15,0.25,4.402,0.85,925,"H15_V0.25_L4.402_F0.85",80.9922,27.5991333333333,49.3844666666667,13.4205333333333,12.1719333333333,1.2486,1435.58266666667,80.0172333333333,66.6091333333333
"256",15,0.25,4.402,0.95,925,"H15_V0.25_L4.402_F0.95",93.5727333333333,30.3376666666667,48.0360666666667,14.5157,13.2670333333333,1.2486,1543.90806666667,86.5913333333333,76.2502
"257",15,0.25,4.402,1,925,"H15_V0.25_L4.402_F1",100.078466666667,31.7539333333333,47.3028333333333,15.0399333333333,13.7913333333333,1.2486,1595.4572,89.7736,81.4104666666667
"258",15,0.25,4.402,1.05,925,"H15_V0.25_L4.402_F1.05",107.245733333333,33.2943333333333,46.5228333333333,15.5973333333333,14.3487,1.2486,1648.19873333333,93.181,87.2654
"259",15,0.25,4.402,1.15,925,"H15_V0.25_L4.402_F1.15",121.224066666667,36.2029,44.9098333333333,16.5851666666667,15.3365,1.2486,1741.78223333333,99.3014666666667,98.9169
"260",15,0.25,4.402,1.25,925,"H15_V0.25_L4.402_F1.25",133.354533333333,38.7861666666667,43.9001,17.3546,16.106,1.2486,1813.8283,104.201566666667,109.779633333333
"261",15,0.25,4.402,1.35,925,"H15_V0.25_L4.402_F1.35",143.5187,40.9302,43.1072333333333,17.9383,16.6897,1.2486,1869.6716,108.005366666667,119.091566666667
"262",15,0.25,4.402,1.5,925,"H15_V0.25_L4.402_F1.5",154.125533333333,43.2282,42.1938,18.5047,17.2560666666667,1.2486,1927.1153,111.770666666667,128.871833333333
"263",15,0.25,4.402,1.6,925,"H15_V0.25_L4.402_F1.6",158.083533333333,44.0981333333333,41.9521333333333,18.7187,17.4700666666667,1.2486,1949.43993333333,113.203166666667,132.567566666667
"264",15,0.25,4.402,1.75,925,"H15_V0.25_L4.402_F1.75",160.6176,44.6915333333333,41.6531666666667,18.8588333333333,17.6102,1.2486,1964.09793333333,114.1362,134.8716
"265",15,0.25,4.402,1.85,925,"H15_V0.25_L4.402_F1.85",160.9794,44.7843666666667,41.5972333333333,18.8776333333333,17.6290333333333,1.2486,1966.44233333333,114.2643,135.191733333333
"266",15,0.25,4.402,1.99,925,"H15_V0.25_L4.402_F1.99",160.988833333333,44.8351333333333,41.5076666666667,18.8784333333333,17.6298,1.2486,1968.2503,114.2701,135.1321
"267",15,0.25,5.485,0.01,1176,"H15_V0.25_L5.485_F0.01",26.6041666666667,15.0662333333333,59.3743,6.4562,5.2076,1.2486,803.095166666667,39.8335666666667,34.5134666666667
"268",15,0.25,5.485,0.15,1176,"H15_V0.25_L5.485_F0.15",29.2592,15.7977333333333,58.7585,6.88453333333333,5.63593333333333,1.2486,852.202633333333,42.3556333333333,35.3101
"269",15,0.25,5.485,0.25,1176,"H15_V0.25_L5.485_F0.25",32.5348666666667,16.6790333333333,58.0177333333333,7.4058,6.1572,1.2486,906.670333333333,45.4068666666667,36.5881333333333
"270",15,0.25,5.485,0.4,1176,"H15_V0.25_L5.485_F0.4",39.6393333333333,18.5899,56.2329,8.51726666666667,7.26866666666667,1.2486,1012.8026,51.8058,39.7869333333333
"271",15,0.25,5.485,0.5,1176,"H15_V0.25_L5.485_F0.5",44.7627666666667,19.8871333333333,55.0632,9.3015,8.05286666666667,1.2486,1082.3618,56.2488,42.3681666666667
"272",15,0.25,5.485,0.65,1176,"H15_V0.25_L5.485_F0.65",54.9721666666667,22.4494333333333,52.6125,10.7012333333333,9.4526,1.2486,1205.4736,64.1971666666667,48.1121666666667
"273",15,0.25,5.485,0.75,1176,"H15_V0.25_L5.485_F0.75",61.8028333333333,24.0430666666667,51.5706333333333,11.567,10.3184,1.2486,1282.9173,69.1208333333333,52.4242
"274",15,0.25,5.485,0.85,1176,"H15_V0.25_L5.485_F0.85",69.7426333333333,25.8530666666667,50.2924,12.4733666666667,11.2247666666667,1.2486,1360.46123333333,74.3099,57.8946333333333
"275",15,0.25,5.485,0.95,1176,"H15_V0.25_L5.485_F0.95",79.1886666666667,27.9485,48.9508,13.3663333333333,12.1177333333333,1.2486,1444.01893333333,79.5417,64.8542333333333
"276",15,0.25,5.485,1,1176,"H15_V0.25_L5.485_F1",84.6329,29.1193,48.1056,13.8031666666667,12.5545666666667,1.2486,1491.79443333333,82.1535333333333,68.7852333333333
"277",15,0.25,5.485,1.05,1176,"H15_V0.25_L5.485_F1.05",90.9183,30.4642666666667,47.2755333333333,14.2958333333333,13.0472333333333,1.2486,1546.20513333333,85.1272333333333,73.4447
"278",15,0.25,5.485,1.15,1176,"H15_V0.25_L5.485_F1.15",106.145066666667,33.6627666666667,45.5149,15.4231333333333,14.1745333333333,1.2486,1665.50013333333,92.0487666666667,85.3844666666667
"279",15,0.25,5.485,1.25,1176,"H15_V0.25_L5.485_F1.25",123.173433333333,37.2285333333333,43.7141,16.5794,15.3307666666667,1.2486,1786.15966666667,99.3095666666667,99.4061666666667
"280",15,0.25,5.485,1.35,1176,"H15_V0.25_L5.485_F1.35",139.968466666667,40.7557666666667,42.1315,17.6429,16.3942666666667,1.2486,1896.6941,106.1347,113.7557
"281",15,0.25,5.485,1.5,1176,"H15_V0.25_L5.485_F1.5",155.846566666667,44.1262,40.9931,18.6024333333333,17.3538333333333,1.2486,1982.21643333333,112.4089,128.4648
"282",15,0.25,5.485,1.6,1176,"H15_V0.25_L5.485_F1.6",159.712066666667,44.9681333333333,40.8249666666667,18.8170333333333,17.5684333333333,1.2486,1999.61673333333,113.8514,132.301633333333
"283",15,0.25,5.485,1.75,1176,"H15_V0.25_L5.485_F1.75",160.6852,45.1943666666667,40.7266333333333,18.8661,17.6175,1.2486,2006.0831,114.1874,133.156966666667
"284",15,0.25,5.485,1.85,1176,"H15_V0.25_L5.485_F1.85",160.784066666667,45.2198666666667,40.7106666666667,18.8706333333333,17.6220333333333,1.2486,2006.99406666667,114.219333333333,133.232266666667
"285",15,0.25,5.485,1.99,1176,"H15_V0.25_L5.485_F1.99",160.7927,45.2003333333333,40.7492333333333,18.8709333333333,17.6223333333333,1.2486,2005.9027,114.221233333333,133.2871
"286",15,0.5,0.466,0.01,105,"H15_V0.5_L0.466_F0.01",120.7827,34.7696333333333,44.8907,16.7363,15.4876666666667,1.2486,2129.06243333333,13.2146333333333,79.2085333333333
"287",15,0.5,0.466,0.15,105,"H15_V0.5_L0.466_F0.15",129.886266666667,36.6151,44.6136,17.2767666666667,16.0281666666667,1.2486,2202.63593333333,13.6392333333333,86.6801
"288",15,0.5,0.466,0.25,105,"H15_V0.5_L0.466_F0.25",137.111933333333,38.0670333333333,44.2238333333333,17.6844333333333,16.4357666666667,1.2486,2258.1712,13.9585,92.6128333333333
"289",15,0.5,0.466,0.4,105,"H15_V0.5_L0.466_F0.4",144.530633333333,39.5961,43.7841666666667,18.1172,16.8685666666667,1.2486,2314.06816666667,14.2984,98.7803
"290",15,0.5,0.466,0.5,105,"H15_V0.5_L0.466_F0.5",146.7625,40.0387666666667,43.8048,18.2365666666667,16.9879333333333,1.2486,2330.09086666667,14.3930666666667,100.746966666667
"291",15,0.5,0.466,0.65,105,"H15_V0.5_L0.466_F0.65",148.687966666667,40.4424333333333,43.5893666666667,18.3181,17.0695,1.2486,2343.83063333333,14.4579333333333,102.326566666667
"292",15,0.5,0.466,0.75,105,"H15_V0.5_L0.466_F0.75",149.847466666667,40.6981333333333,43.3952333333333,18.3711333333333,17.1225333333333,1.2486,2352.754,14.5,103.224566666667
"293",15,0.5,0.466,0.85,105,"H15_V0.5_L0.466_F0.85",151.048833333333,40.9973666666667,43.2663333333333,18.4272333333333,17.1786,1.2486,2362.22566666667,14.5452666666667,104.240533333333
"294",15,0.5,0.466,0.95,105,"H15_V0.5_L0.466_F0.95",152.2564,41.2922333333333,43.0178333333333,18.4736666666667,17.2250666666667,1.2486,2370.9726,14.5825,105.210866666667
"295",15,0.5,0.466,1,105,"H15_V0.5_L0.466_F1",152.8157,41.4203666666667,42.9266,18.4969666666667,17.2483333333333,1.2486,2375.2259,14.6011,105.6551
"296",15,0.5,0.466,1.05,105,"H15_V0.5_L0.466_F1.05",153.372966666667,41.5464666666667,42.8361,18.5233,17.2747,1.2486,2379.52016666667,14.6218666666667,106.093766666667
"297",15,0.5,0.466,1.15,105,"H15_V0.5_L0.466_F1.15",154.512366666667,41.7764333333333,42.6420666666667,18.5776666666667,17.3290333333333,1.2486,2387.70793333333,14.6646333333333,106.971333333333
"298",15,0.5,0.466,1.25,105,"H15_V0.5_L0.466_F1.25",155.726666666667,42.0251,42.4470333333333,18.6344333333333,17.3858,1.2486,2396.1562,14.7095,107.931466666667
"299",15,0.5,0.466,1.35,105,"H15_V0.5_L0.466_F1.35",156.5954,42.2037,42.2803666666667,18.6740333333333,17.4254333333333,1.2486,2402.26773333333,14.7408666666667,108.5993
"300",15,0.5,0.466,1.5,105,"H15_V0.5_L0.466_F1.5",157.997366666667,42.4955,42.1738666666667,18.7358333333333,17.4872,1.2486,2412.41266666667,14.7897666666667,109.7725
"301",15,0.5,0.466,1.6,105,"H15_V0.5_L0.466_F1.6",159.262033333333,42.7745666666667,42.1225333333333,18.7885333333333,17.5399333333333,1.2486,2421.12956666667,14.8314333333333,110.901866666667
"302",15,0.5,0.466,1.75,105,"H15_V0.5_L0.466_F1.75",160.914266666667,43.1113666666667,42.0137666666667,18.8643666666667,17.6157666666667,1.2486,2432.5694,14.8911,112.308266666667
"303",15,0.5,0.466,1.85,105,"H15_V0.5_L0.466_F1.85",161.590766666667,43.2525,41.9837333333333,18.897,17.6484,1.2486,2437.21933333333,14.9168,112.899633333333
"304",15,0.5,0.466,1.99,105,"H15_V0.5_L0.466_F1.99",161.941333333333,43.3280333333333,41.9603,18.9138666666667,17.6652666666667,1.2486,2439.46206666667,14.9301,113.212033333333
"305",15,0.5,1.488,0.01,313,"H15_V0.5_L1.488_F0.01",88.0807,28.3487333333333,49.3252666666667,14.353,13.1043666666667,1.2486,1631.24346666667,35.9929,65.3477
"306",15,0.5,1.488,0.15,313,"H15_V0.5_L1.488_F0.15",94.0499666666667,29.5513,48.9741333333333,14.8532666666667,13.6046,1.2486,1683.0579,37.2330333333333,69.9601666666667
"307",15,0.5,1.488,0.25,313,"H15_V0.5_L1.488_F0.25",97.5798666666667,30.2926666666667,48.4483,15.1779333333333,13.9293333333333,1.2486,1709.30743333333,38.0345333333333,72.7161666666667
"308",15,0.5,1.488,0.4,313,"H15_V0.5_L1.488_F0.4",100.0343,30.7806666666667,48.3993333333333,15.3987,14.1501,1.2486,1725.47896666667,38.5812333333333,74.8926
"309",15,0.5,1.488,0.5,313,"H15_V0.5_L1.488_F0.5",101.885533333333,31.1765666666667,48.0498333333333,15.4846,14.236,1.2486,1739.95856666667,38.8029666666667,76.2729333333333
"310",15,0.5,1.488,0.65,313,"H15_V0.5_L1.488_F0.65",106.980866666667,32.2032333333333,47.3197,15.7670333333333,14.5183666666667,1.2486,1784.3435,39.5253333333333,79.9303666666667
"311",15,0.5,1.488,0.75,313,"H15_V0.5_L1.488_F0.75",112.855133333333,33.4013,46.0739333333333,16.1579666666667,14.9093333333333,1.2486,1830.20283333333,40.5126,84.1384666666667
"312",15,0.5,1.488,0.85,313,"H15_V0.5_L1.488_F0.85",119.030033333333,34.7113666666667,45.6620666666667,16.5766666666667,15.3280666666667,1.2486,1877.58603333333,41.5747666666667,89.2500666666667
"313",15,0.5,1.488,0.95,313,"H15_V0.5_L1.488_F0.95",124.142,35.7779,44.6854666666667,16.9216,15.673,1.2486,1915.7269,42.4422333333333,93.0937333333333
"314",15,0.5,1.488,1,313,"H15_V0.5_L1.488_F1",126.772833333333,36.3337,44.4829666666667,17.0957666666667,15.8471333333333,1.2486,1935.36366666667,42.8824666666667,95.2777333333333
"315",15,0.5,1.488,1.05,313,"H15_V0.5_L1.488_F1.05",128.985566666667,36.8041,44.1569,17.2388333333333,15.9901666666667,1.2486,1951.70703333333,43.2445666666667,97.0251666666667
"316",15,0.5,1.488,1.15,313,"H15_V0.5_L1.488_F1.15",132.652433333333,37.6111333333333,43.7440333333333,17.4686666666667,16.2200666666667,1.2486,1977.0269,43.8294,100.1204
"317",15,0.5,1.488,1.25,313,"H15_V0.5_L1.488_F1.25",136.401766666667,38.4258666666667,43.3468666666667,17.6657666666667,16.4171666666667,1.2486,2001.92376666667,44.3443,103.332466666667
"318",15,0.5,1.488,1.35,313,"H15_V0.5_L1.488_F1.35",140.631333333333,39.3345,42.9257666666667,17.8608666666667,16.6122666666667,1.2486,2030.35126666667,44.8622666666667,106.946833333333
"319",15,0.5,1.488,1.5,313,"H15_V0.5_L1.488_F1.5",148.4249,40.9294,42.2516333333333,18.2302666666667,16.9816666666667,1.2486,2081.59123333333,45.8409,113.6108
"320",15,0.5,1.488,1.6,313,"H15_V0.5_L1.488_F1.6",153.471566666667,41.9559333333333,41.886,18.4899,17.2413,1.2486,2111.64806666667,46.5227666666667,118.1012
"321",15,0.5,1.488,1.75,313,"H15_V0.5_L1.488_F1.75",157.774133333333,42.8603,41.5219666666667,18.7169666666667,17.4683666666667,1.2486,2133.28366666667,47.1129666666667,122.113533333333
"322",15,0.5,1.488,1.85,313,"H15_V0.5_L1.488_F1.85",158.499533333333,43.0346333333333,41.5136666666667,18.7503,17.5017,1.2486,2136.9896,47.1974333333333,122.851866666667
"323",15,0.5,1.488,1.99,313,"H15_V0.5_L1.488_F1.99",159.199466666667,43.1901,41.3743666666667,18.7764333333333,17.5278,1.2486,2142.1259,47.2639666666667,123.393566666667
"324",15,0.5,2.916,0.01,613,"H15_V0.5_L2.916_F0.01",59.5284666666667,22.5684333333333,54.6543666666667,11.4185333333333,10.1699,1.2486,1163.29703333333,55.9671666666667,55.5722
"325",15,0.5,2.916,0.15,613,"H15_V0.5_L2.916_F0.15",62.6003,23.2269,54.0516333333333,11.7769666666667,10.5283666666667,1.2486,1197.06186666667,57.6893333333333,57.3859666666667
"326",15,0.5,2.916,0.25,613,"H15_V0.5_L2.916_F0.25",65.5053666666667,23.9102,53.0584,12.1019666666667,10.8533333333333,1.2486,1218.80463333333,59.2017333333333,59.3538
"327",15,0.5,2.916,0.4,613,"H15_V0.5_L2.916_F0.4",71.4657666666667,25.2716333333333,51.6705333333333,12.6875333333333,11.4389333333333,1.2486,1275.77496666667,61.9484666666667,63.2381
"328",15,0.5,2.916,0.5,613,"H15_V0.5_L2.916_F0.5",76.0446,26.3264333333333,50.7781,13.1442333333333,11.8956333333333,1.2486,1318.39276666667,64.1112666666667,66.41
"329",15,0.5,2.916,0.65,613,"H15_V0.5_L2.916_F0.65",84.2271333333333,28.1229333333333,49.5572,13.9332,12.6846,1.2486,1385.9749,67.8914666666667,72.6063
"330",15,0.5,2.916,0.75,613,"H15_V0.5_L2.916_F0.75",89.8229,29.2926,49.5704,14.4386,13.19,1.2486,1430.34196666667,70.3706666666667,77.4059666666667
"331",15,0.5,2.916,0.85,613,"H15_V0.5_L2.916_F0.85",95.3288666666667,30.5063666666667,48.4723666666667,14.8985,13.6499,1.2486,1469.99756666667,72.6210333333333,81.6568
"332",15,0.5,2.916,0.95,613,"H15_V0.5_L2.916_F0.95",101.435166666667,31.8395,47.3447,15.3853,14.1367,1.2486,1509.11613333333,74.9982,86.6243333333333
"333",15,0.5,2.916,1,613,"H15_V0.5_L2.916_F1",104.408333333333,32.4619666666667,47.2203,15.5907333333333,14.3420666666667,1.2486,1528.01,76.0303666666667,89.3011333333333
"334",15,0.5,2.916,1.05,613,"H15_V0.5_L2.916_F1.05",107.643266666667,33.1146333333333,47.0915333333333,15.8196333333333,14.5710333333333,1.2486,1546.94666666667,77.1783333333333,92.2504666666667
"335",15,0.5,2.916,1.15,613,"H15_V0.5_L2.916_F1.15",114.091566666667,34.4554,46.6179,16.2547333333333,15.0061333333333,1.2486,1585.46416666667,79.3782666666667,98.0089
"336",15,0.5,2.916,1.25,613,"H15_V0.5_L2.916_F1.25",120.006333333333,35.6901,46.1644666666667,16.6463,15.3976666666667,1.2486,1621.87093333333,81.3728,103.2382
"337",15,0.5,2.916,1.35,613,"H15_V0.5_L2.916_F1.35",125.994933333333,36.9327666666667,45.7042666666667,17.0343,15.7857,1.2486,1656.36053333333,83.3688,108.629166666667
"338",15,0.5,2.916,1.5,613,"H15_V0.5_L2.916_F1.5",135.1901,38.8788333333333,44.9085333333333,17.5641333333333,16.3155333333333,1.2486,1710.23476666667,86.1669333333333,116.864066666667
"339",15,0.5,2.916,1.6,613,"H15_V0.5_L2.916_F1.6",141.3512,40.1675333333333,44.2181666666667,17.8943333333333,16.6457333333333,1.2486,1744.5974,87.9345333333333,122.336166666667
"340",15,0.5,2.916,1.75,613,"H15_V0.5_L2.916_F1.75",149.422666666667,41.8720333333333,43.2801333333333,18.3144,17.0658,1.2486,1785.43393333333,90.1975333333333,129.6905
"341",15,0.5,2.916,1.85,613,"H15_V0.5_L2.916_F1.85",153.522,42.7170333333333,42.8826666666667,18.5165666666667,17.2679666666667,1.2486,1805.2912,91.2969666666667,133.487166666667
"342",15,0.5,2.916,1.99,613,"H15_V0.5_L2.916_F1.99",157.367366666667,43.5468666666667,42.6293,18.7033,17.4546333333333,1.2486,1822.53793333333,92.3212333333333,137.240533333333
"343",15,0.5,4.402,0.01,925,"H15_V0.5_L4.402_F0.01",49.1221333333333,20.2742333333333,56.3308333333333,10.0583,8.8097,1.2486,1110.93213333333,60.4105333333333,46.3599333333333
"344",15,0.5,4.402,0.15,925,"H15_V0.5_L4.402_F0.15",52.3860333333333,21.1287666666667,55.2407666666667,10.5494333333333,9.30083333333333,1.2486,1147.1343,63.1258,48.1703
"345",15,0.5,4.402,0.25,925,"H15_V0.5_L4.402_F0.25",54.6188,21.6163333333333,55.0411,10.8592,9.61053333333333,1.2486,1167.7931,64.8563333333333,49.8262666666667
"346",15,0.5,4.402,0.4,925,"H15_V0.5_L4.402_F0.4",56.9251666666667,22.3062666666667,53.889,11.114,9.8654,1.2486,1186.94466666667,66.2739,51.2816333333333
"347",15,0.5,4.402,0.5,925,"H15_V0.5_L4.402_F0.5",59.5044666666667,22.8434666666667,53.7055666666667,11.3661333333333,10.1175333333333,1.2486,1220.86516666667,67.7703,52.7577333333333
"348",15,0.5,4.402,0.65,925,"H15_V0.5_L4.402_F0.65",65.2056,24.1875,52.2338666666667,12.0295666666667,10.7809333333333,1.2486,1286.83523333333,71.6414,55.9206333333333
"349",15,0.5,4.402,0.75,925,"H15_V0.5_L4.402_F0.75",70.2149666666667,25.3004333333333,51.5954,12.612,11.3634,1.2486,1337.79016666667,75.0563666666667,59.3522666666667
"350",15,0.5,4.402,0.85,925,"H15_V0.5_L4.402_F0.85",76.0935333333333,26.6337,50.6407666666667,13.2147333333333,11.9661333333333,1.2486,1392.84493333333,78.6187,63.5087666666667
"351",15,0.5,4.402,0.95,925,"H15_V0.5_L4.402_F0.95",82.9429666666667,28.1642,49.4523666666667,13.8253,12.5767,1.2486,1452.95866666667,82.2551666666667,68.4565333333333
"352",15,0.5,4.402,1,925,"H15_V0.5_L4.402_F1",86.9758333333333,29.0550666666667,48.9922333333333,14.1597666666667,12.9111666666667,1.2486,1486.995,84.2730666666667,71.5822
"353",15,0.5,4.402,1.05,925,"H15_V0.5_L4.402_F1.05",91.3418,30.0192333333333,48.4946666666667,14.509,13.2603333333333,1.2486,1523.0401,86.3871333333333,74.9965333333333
"354",15,0.5,4.402,1.15,925,"H15_V0.5_L4.402_F1.15",100.452833333333,31.9843666666667,47.3198333333333,15.2082666666667,13.9596666666667,1.2486,1596.0697,90.6601333333333,82.0623
"355",15,0.5,4.402,1.25,925,"H15_V0.5_L4.402_F1.25",110.543233333333,34.1736333333333,46.1882333333333,15.9714,14.7228,1.2486,1670.48056666667,95.3446333333333,90.3123666666667
"356",15,0.5,4.402,1.35,925,"H15_V0.5_L4.402_F1.35",119.7398,36.1533,45.2197,16.6107333333333,15.3621333333333,1.2486,1734.06643333333,99.3317666666667,98.0417
"357",15,0.5,4.402,1.5,925,"H15_V0.5_L4.402_F1.5",131.914066666667,38.7555,44.0698666666667,17.3525666666667,16.1039666666667,1.2486,1814.17253333333,104.0804,108.5186
"358",15,0.5,4.402,1.6,925,"H15_V0.5_L4.402_F1.6",139.463633333333,40.3247,43.0318333333333,17.7705666666667,16.5219,1.2486,1860.45186666667,106.796133333333,114.889033333333
"359",15,0.5,4.402,1.75,925,"H15_V0.5_L4.402_F1.75",149.0773,42.3128333333333,42.1632333333333,18.2947,17.0461,1.2486,1913.2046,110.254833333333,123.564866666667
"360",15,0.5,4.402,1.85,925,"H15_V0.5_L4.402_F1.85",153.291566666667,43.2007666666667,41.8222666666667,18.5140333333333,17.2654,1.2486,1933.19273333333,111.729433333333,127.556566666667
"361",15,0.5,4.402,1.99,925,"H15_V0.5_L4.402_F1.99",156.789366666667,43.9465666666667,41.6431333333333,18.6814,17.4328,1.2486,1950.42573333333,112.889333333333,130.9219
"362",15,0.5,5.485,0.01,1176,"H15_V0.5_L5.485_F0.01",29.0496,15.5944333333333,59.1926333333333,6.84973333333333,5.60113333333333,1.2486,843.6881,42.2239333333333,35.5426666666667
"363",15,0.5,5.485,0.15,1176,"H15_V0.5_L5.485_F0.15",32.4262,16.5440333333333,58.3639333333333,7.42183333333333,6.17323333333333,1.2486,901.279566666667,45.5289,36.7715333333333
"364",15,0.5,5.485,0.25,1176,"H15_V0.5_L5.485_F0.25",36.0240666666667,17.5639666666667,57.2174,7.9958,6.74716666666667,1.2486,957.486,48.8177333333333,38.1743666666667
"365",15,0.5,5.485,0.4,1176,"H15_V0.5_L5.485_F0.4",43.2033,19.4509666666667,55.1493333333333,9.0831,7.8345,1.2486,1058.63746666667,55.0027,41.4360666666667
"366",15,0.5,5.485,0.5,1176,"H15_V0.5_L5.485_F0.5",49.3770333333333,21.0070333333333,54.0073,9.9394,8.6908,1.2486,1136.45516666667,59.8723333333333,45.0018
"367",15,0.5,5.485,0.65,1176,"H15_V0.5_L5.485_F0.65",60.6068,23.6711666666667,52.2701666666667,11.3743666666667,10.1257666666667,1.2486,1265.4963,68.0688666666667,52.0601666666667
"368",15,0.5,5.485,0.75,1176,"H15_V0.5_L5.485_F0.75",68.0583,25.429,51.0999,12.2759666666667,11.0273333333333,1.2486,1343.26296666667,73.2367666666667,57.0824666666667
"369",15,0.5,5.485,0.85,1176,"H15_V0.5_L5.485_F0.85",76.0562333333333,27.2665333333333,49.918,13.1506,11.9019666666667,1.2486,1418.10896666667,78.3037333333333,62.8407
"370",15,0.5,5.485,0.95,1176,"H15_V0.5_L5.485_F0.95",83.9233333333333,29.0169666666667,48.9056333333333,13.9024333333333,12.6538333333333,1.2486,1487.8255,82.7232,68.7093333333333
"371",15,0.5,5.485,1,1176,"H15_V0.5_L5.485_F1",87.5223333333333,29.8242666666667,48.4071,14.2255,12.9769,1.2486,1518.68546666667,84.6363333333333,71.4256666666667
"372",15,0.5,5.485,1.05,1176,"H15_V0.5_L5.485_F1.05",91.2965333333333,30.6554666666667,47.9969666666667,14.5506333333333,13.302,1.2486,1551.0136,86.5749333333333,74.3309666666667
"373",15,0.5,5.485,1.15,1176,"H15_V0.5_L5.485_F1.15",98.6560666666667,32.2603666666667,46.9108333333333,15.1359,13.8873,1.2486,1609.303,90.0970333333333,79.9906333333333
"374",15,0.5,5.485,1.25,1176,"H15_V0.5_L5.485_F1.25",106.370366666667,33.927,45.8881666666667,15.6953666666667,14.4467333333333,1.2486,1668.47093333333,93.5394,86.0695333333333
"375",15,0.5,5.485,1.35,1176,"H15_V0.5_L5.485_F1.35",113.7579,35.4875666666667,45.0804,16.1897333333333,14.9411333333333,1.2486,1726.14453333333,96.6600666666667,91.9172333333333
"376",15,0.5,5.485,1.5,1176,"H15_V0.5_L5.485_F1.5",125.3093,37.9054,43.9072333333333,16.9309666666667,15.6823333333333,1.2486,1803.31766666667,101.395566666667,101.668466666667
"377",15,0.5,5.485,1.6,1176,"H15_V0.5_L5.485_F1.6",132.726666666667,39.4196666666667,42.8088666666667,17.3542,16.1056,1.2486,1849.84226666667,104.1441,107.784033333333
"378",15,0.5,5.485,1.75,1176,"H15_V0.5_L5.485_F1.75",144.631166666667,41.8727,41.7505666666667,18.0101333333333,16.7615,1.2486,1925.21143333333,108.4575,118.070266666667
"379",15,0.5,5.485,1.85,1176,"H15_V0.5_L5.485_F1.85",151.0124,43.2009333333333,41.3832666666667,18.3684666666667,17.1198,1.2486,1959.20063333333,110.816833333333,124.021766666667
"380",15,0.5,5.485,1.99,1176,"H15_V0.5_L5.485_F1.99",155.763066666667,44.1812333333333,40.9934666666667,18.6163666666667,17.3677333333333,1.2486,1978.5604,112.4763,128.630166666667
